VMAF,PSNR,P1204_3_MOS,COVER_SSC,COVER_TSC,COVER_ASC,COVER_FSC,LD_PCT,SI_PCT,TI_PCT,VCA_E_PCT,VCA_H_PCT,EVCA_SC_PCT,EVCA_TC_PCT,CARS_PCT,filename
87.360576,43.836321,2.9160784817391896,-0.086792,-0.525307,-0.362814,-0.974913,0.802,93.70834188892395,88.23555938481277,87.53623188405798,86.81024278931763,84.63942129558225,73.38226525668233,86.48648648648648,./Chunk2/SEQUENCE_2_07
89.728655,44.592649,3.0949154684371445,-0.088877,-0.594398,-0.347141,-1.030416,0.838,94.52861904781346,90.54624181605736,89.3719806763285,88.96381520715157,88.12389442658035,82.63889952735187,91.8918918918919,./Chunk2/SEQUENCE_2_07
91.172482,45.123268,3.167192245133588,-0.086011,-0.492293,-0.341168,-0.919471,0.8611,95.2190277455451,92.20568639689596,90.67632850241549,90.22969634153368,90.69105851042896,87.2853295845893,91.8918918918919,./Chunk2/SEQUENCE_2_07
93.066601,46.078135,3.255957174248813,-0.086268,-0.378603,-0.318729,-0.783599,0.8766,96.81106398146156,94.7692823334234,92.87439613526573,92.6268703135858,93.20291068296382,90.75135584081656,89.1891891891892,./Chunk2/SEQUENCE_2_07
94.126151,46.815525,3.3076369315130822,-0.090235,-0.469194,-0.333471,-0.8929,0.8972,97.93732453596618,96.37812742428248,94.90338164251207,95.0871627048728,94.74921543954,92.52924576050992,100.0,./Chunk2/SEQUENCE_2_07
94.972221,47.443163,3.334719321853445,-0.090678,-0.479547,-0.321286,-0.89151,0.9038,98.80082639554792,97.67323811371136,96.4009661835749,97.2647828794412,96.7122564458764,95.1708787470544,100.0,./Chunk2/SEQUENCE_2_07
80.754248,42.295088,2.5635845904177907,-0.089923,-0.454525,-0.435048,-0.979496,0.7137,90.3299783790882,84.1132873721448,83.62318840579711,81.62295283404617,75.56553770091786,57.10121158325862,70.27027027027027,./Chunk2/SEQUENCE_2_07
95.573282,48.001048,3.3599759303686128,-0.089726,-0.605877,-0.324062,-1.019664,0.9138,99.43694608724836,98.71106382472487,98.11594202898551,98.80921951006168,98.41286725247652,97.68542090014914,100.0,./Chunk2/SEQUENCE_2_07
82.730809,42.733138,2.635947657956966,-0.088803,-0.634457,-0.428517,-1.151777,0.7412,92.0903209712837,85.10611558253903,84.56521739130434,83.15379665066955,78.00525392244774,60.58438954496916,81.08108108108108,./Chunk2/SEQUENCE_2_07
85.484131,43.399101,2.784883884522243,-0.087899,-0.583774,-0.389335,-1.061008,0.7798,92.88049926039702,86.90297835267744,86.44927536231886,85.33870612794323,81.73636144773965,68.00750349567377,83.78378378378379,./Chunk2/SEQUENCE_2_07
100.0,,3.4264716942388818,-0.091295,-0.551275,-0.315,-0.957569,1.0,100.0,100.0,100.0,100.0,100.0,100.0,97.29729729729728,./Chunk2/SEQUENCE_2_07
81.202758,43.370981,2.8931707567643183,-0.10715,-0.143584,-0.287477,-0.538211,0.8643,90.72571701248752,93.9538666687914,84.49099029724317,88.05600502972271,83.5559729914506,80.46415218754588,91.66666666666666,./Chunk2/SEQUENCE_2_10
87.676693,44.986845,3.120668789422849,-0.102529,-0.021288,-0.241765,-0.365582,0.8989,94.30623966759552,96.07898979624204,88.46450023101801,92.02335216398444,87.31259310817163,85.44938900841737,95.02487562189054,./Chunk2/SEQUENCE_2_10
90.734072,46.038342,3.2551250350667,-0.101313,0.115369,-0.235081,-0.221025,0.9231,96.12663850311267,97.09649311865564,90.71307561989836,94.35366151587829,89.83207266454352,88.60178198387734,95.64676616915423,./Chunk2/SEQUENCE_2_10
93.971129,47.43836,3.37500527708864,-0.098047,0.189618,-0.225879,-0.134307,0.9467,97.8413372901366,98.20833100771377,93.67010626828892,96.64729405581473,93.85041959416412,93.39141562629756,97.13930348258704,./Chunk2/SEQUENCE_2_10
95.577984,48.354379,3.4037000370798176,-0.097582,0.198784,-0.211176,-0.109974,0.9566,98.72227252862396,98.8748890976376,96.07269367010628,98.2100035269397,96.52776650173077,96.3898847656942,98.88059701492536,./Chunk2/SEQUENCE_2_10
96.627941,49.13615,3.497145685353356,-0.095364,0.221667,-0.188706,-0.062402,0.9641,99.33737081223003,99.34332488641871,97.56661019559525,99.25598587207524,98.68804572869936,98.62786298945956,98.2587064676617,./Chunk2/SEQUENCE_2_10
62.925132,40.23054,2.3885257893222285,-0.120235,-0.583438,-0.399618,-1.103292,0.7497,81.47854082847353,87.97143166936462,76.18974279993839,78.46292228486035,75.00985762129237,68.0324505446153,79.97512437810946,./Chunk2/SEQUENCE_2_10
97.432433,49.87225,3.531629863333138,-0.095645,0.228194,-0.178491,-0.045942,0.967,99.76946289318792,99.6827102237324,98.86031110426612,99.9902111143344,99.81504994003028,99.77032727534215,99.75124378109452,./Chunk2/SEQUENCE_2_10
68.927415,41.124878,2.498637233674865,-0.116659,-0.467836,-0.362604,-0.947099,0.792,84.32510479339972,89.98519858819421,78.40751578623133,81.34726576047353,77.65916453418104,72.07052954581908,83.2089552238806,./Chunk2/SEQUENCE_2_10
76.725881,42.437856,2.719939260405999,-0.112642,-0.3181,-0.325507,-0.75625,0.8317,88.38489864857122,92.521947305146,81.94979208378253,85.34362244646098,80.98101932287655,76.9541860598657,88.68159203980099,./Chunk2/SEQUENCE_2_10
100.0,,3.5177725978358803,-0.096158,0.314286,-0.193439,0.02469,1.0,100.0,100.0,100.0,100.0,100.0,100.0,100.0,./Chunk2/SEQUENCE_2_10
89.776728,43.890132,2.8221967420591305,-0.09221,-0.591819,-0.39063,-1.074659,0.9057,93.11718211212325,75.46112928824559,79.83527406986651,77.6345777912511,75.8084619421308,65.10449188831436,14.285714285714285,./Chunk2/SEQUENCE_2_09
91.452615,44.561865,3.1208410237624697,-0.093502,-0.689332,-0.366276,-1.14911,0.9198,93.85914122245003,80.40036418237025,82.90258449304176,81.25692428827718,85.90132516979774,82.29364722995933,42.85714285714285,./Chunk2/SEQUENCE_2_09
92.549872,45.085082,3.1859829329328937,-0.091505,-0.584056,-0.34505,-1.020611,0.9312,94.61988280906488,84.05077863596222,85.08946322067594,83.90328964077298,91.32477847780564,90.1404489783509,71.42857142857143,./Chunk2/SEQUENCE_2_09
94.040622,46.003296,3.168457648697842,-0.092682,-0.597883,-0.350767,-1.041333,0.9428,96.2150692646449,89.49859150336125,89.00880431695542,89.666365734326,93.68144752249336,92.35388558746284,57.14285714285714,./Chunk2/SEQUENCE_2_09
94.913696,46.706939,3.279299292553379,-0.0932,-0.648629,-0.342897,-1.084726,0.949,97.5713911577414,92.9269597860084,92.2465208747515,94.7688538787874,95.03204308131326,93.23176478567235,14.285714285714285,./Chunk2/SEQUENCE_2_09
95.706069,47.313562,3.314860969997076,-0.094426,-0.498066,-0.34712,-0.939613,0.9551,98.77697800015252,95.67584424756132,95.25702925305312,97.56337368970048,96.78005913947746,95.45885339563556,14.285714285714285,./Chunk2/SEQUENCE_2_09
85.994569,42.812408,2.6026209689627136,-0.095419,-0.729348,-0.455969,-1.280736,0.8488,91.82319134025936,66.79235919347907,72.45100823629652,66.92656190248634,58.53564071613553,35.05889362080296,57.14285714285714,./Chunk2/SEQUENCE_2_09
96.261735,47.830456,3.2577102293747187,-0.096828,-0.657659,-0.344805,-1.099293,0.9587,99.36828513074936,97.56396578850212,97.21669980119285,98.95963562984916,97.8097723621776,97.08674487187582,0.0,./Chunk2/SEQUENCE_2_09
87.112612,43.097901,2.6830431384204383,-0.095831,-0.666375,-0.429322,-1.191529,0.8731,92.2525827555183,69.30366344628302,75.09230332291963,70.52043023007583,62.7455005734342,41.54245392230462,100.0,./Chunk2/SEQUENCE_2_09
88.779634,43.538065,2.774143451032101,-0.095843,-0.698716,-0.391051,-1.18561,0.8858,92.75951405889968,72.81576270928156,78.07441067878445,74.94012208153,68.85719531981374,53.6316660936919,28.57142857142857,./Chunk2/SEQUENCE_2_09
100.0,,3.372093627426874,-0.095884,-0.616586,-0.349919,-1.062389,1.0,100.0,100.0,100.0,100.0,100.0,100.0,42.85714285714285,./Chunk2/SEQUENCE_2_09
86.310969,43.098628,2.7707334747070904,-0.091903,-0.506934,-0.389798,-0.988636,0.8351,94.88762786547863,87.53267381817625,84.27507665352606,85.96929290048962,85.82267260411622,80.35282848361148,91.40625,./Chunk2/SEQUENCE_2_11
89.214466,43.874746,3.0547159900207155,-0.09084,-0.593187,-0.373314,-1.057341,0.8761,95.7891770961856,89.8289380229813,86.42137538326764,87.86407607693239,91.29185290533812,89.24862558879536,78.90625,./Chunk2/SEQUENCE_2_11
90.908308,44.471697,3.159584198800225,-0.088018,-0.585297,-0.369221,-1.042536,0.8987,96.40142582423378,91.54754832304836,88.39246605343845,89.55148420853716,94.08858658499132,93.23086376201694,93.75,./Chunk2/SEQUENCE_2_11
93.158076,45.470554,3.2031934801171,-0.092256,-0.555914,-0.343883,-0.992053,0.9266,97.47799660313396,94.464675889822,91.50240911081907,92.84976752133272,95.59808373574953,94.56175675831776,100.0,./Chunk2/SEQUENCE_2_11
94.421574,46.232912,3.223737350350356,-0.091789,-0.678521,-0.341152,-1.111462,0.9382,98.42546847875283,96.22666130047884,94.17433201927288,95.81524820167088,96.80370534413548,95.84029017470372,96.875,./Chunk2/SEQUENCE_2_11
95.410145,46.919494,3.261799808484879,-0.091309,-0.523231,-0.344437,-0.958977,0.9429,99.14546965819004,97.66212235615444,96.1892247043364,98.21256210841008,98.28812221347746,97.70950718461408,99.21875,./Chunk2/SEQUENCE_2_11
78.776401,41.45507,2.4753812194854143,-0.097747,-0.71773,-0.493286,-1.308763,0.7379,92.58075373508044,82.8481624514898,78.23039859833553,79.89245669243226,75.46237682914814,63.46289867255025,67.18749999999999,./Chunk2/SEQUENCE_2_11
96.20691,47.526878,3.291065343005581,-0.091336,-0.545015,-0.343134,-0.979486,0.9498,99.69497843889523,98.7184950899625,97.89750328515112,99.41740585717244,98.94248280225192,98.54050725481189,99.21875,./Chunk2/SEQUENCE_2_11
81.079473,41.917484,2.5356801717494326,-0.094867,-0.713893,-0.475275,-1.284035,0.7742,93.06803121599908,84.12985909120759,80.22339027595268,81.70285956115903,78.00245364791058,67.76451473310165,64.84375,./Chunk2/SEQUENCE_2_11
84.252527,42.615742,2.6058575508479978,-0.094832,-0.657772,-0.424391,-1.176995,0.8101,94.19076611123997,86.27873786722486,83.02671922908455,84.55306839025639,82.19730901061112,74.90845403952937,70.3125,./Chunk2/SEQUENCE_2_11
100.0,,3.4308983559509656,-0.093002,-0.586309,-0.349243,-1.028554,1.0,100.0,100.0,100.0,100.0,100.0,100.0,96.875,./Chunk2/SEQUENCE_2_11
89.227661,48.077151,3.1886115128086594,-0.093454,-0.228314,-0.193575,-0.515343,0.8008,95.15770545354064,97.1948887382603,87.18724223260928,88.87693373469546,78.37550705041531,64.49984711359032,90.5683192261185,./Chunk2/SEQUENCE_2_02
91.967839,49.173872,3.236595737280979,-0.088817,0.020741,-0.157674,-0.22575,0.8472,96.9215352932967,98.07204297225822,89.85427550178719,91.59443012337232,81.85120304441173,70.45237945549576,95.52599758162032,./Chunk2/SEQUENCE_2_02
93.416834,49.920258,3.377368961075368,-0.086796,0.068855,-0.140937,-0.158879,0.8707,97.81616839885918,98.56725608206838,91.83392906241409,93.46980969509669,84.72905135224545,75.5667156284203,95.88875453446192,./Chunk2/SEQUENCE_2_02
95.114042,50.92751,3.5191529824335888,-0.083896,-0.024991,-0.13468,-0.243567,0.903,98.71784230524597,99.12619474376156,94.96838053340666,96.02563136955496,89.72570987058141,84.92729322470302,97.7025392986699,./Chunk2/SEQUENCE_2_02
95.955999,51.658677,3.556711790134486,-0.083592,0.137371,-0.119278,-0.065499,0.9191,99.1961058824842,99.43903176864582,96.75556777563926,97.78551354068706,94.0267851393986,91.6162522540029,99.87908101571948,./Chunk2/SEQUENCE_2_02
96.561458,52.294553,3.6117939910941104,-0.084437,0.085962,-0.116633,-0.115108,0.9247,99.53884824095752,99.68095073967838,98.26780313445148,98.990873215993,97.84584335222767,96.8824389240226,98.79081015719468,./Chunk2/SEQUENCE_2_02
81.208203,45.721021,2.731316713721254,-0.103981,-0.482443,-0.272078,-0.858503,0.6406,89.81123207864012,94.723241766246,81.68820456420127,82.57920892716406,72.34796258428638,51.308679089997234,80.89480048367594,./Chunk2/SEQUENCE_2_02
97.020394,52.943473,3.47112921814184,-0.079606,0.034849,-0.105457,-0.150214,0.9369,99.78691764328882,99.84536955136826,99.42260104481716,99.6992521796386,99.68676662248362,99.42531856098168,100.0,./Chunk2/SEQUENCE_2_02
83.9645,46.412404,2.887842399356656,-0.100359,-0.465977,-0.246726,-0.813061,0.6884,91.48579145351876,95.52964608056932,83.0904591696453,84.48272909260528,74.10662545875991,55.07193519902381,85.97339782345828,./Chunk2/SEQUENCE_2_02
87.278438,47.383784,3.0719804039146625,-0.095696,-0.332113,-0.205101,-0.63291,0.7726,93.80410544268416,96.59575517546412,85.67500687379709,86.89856086329739,76.52192833465439,60.56141461365462,88.63361547762999,./Chunk2/SEQUENCE_2_02
100.0,,3.5368426907728816,-0.080703,0.120421,-0.109312,-0.069594,1.0,100.0,100.0,100.0,100.0,100.0,100.0,99.51632406287789,./Chunk2/SEQUENCE_2_02
81.844896,43.396287,2.8175256201154,-0.099356,-0.167311,-0.202085,-0.468751,0.7376,88.93015582794185,95.10168927876192,83.51721832163157,89.40970734390793,78.86859364384763,72.41863937121835,86.91159586681975,./Chunk2/SEQUENCE_2_06
88.030625,44.99144,3.142704270232109,-0.092759,0.253187,-0.169788,-0.009361,0.8054,92.86569960236012,96.72663714483603,87.84687395519893,93.07645083518804,84.08387875662551,80.16178087933426,93.1113662456946,./Chunk2/SEQUENCE_2_06
91.175338,46.095193,3.296771029421219,-0.091801,0.226547,-0.155941,-0.021195,0.8516,95.01300819385187,97.60725153216336,90.55499832831828,95.0136756213814,88.01635389555258,85.681286115002,95.86681974741676,./Chunk2/SEQUENCE_2_06
94.456251,47.622486,3.2927491434626344,-0.087508,0.353749,-0.136071,0.13017,0.8975,97.2361981396023,98.58326811416129,93.99866265463056,97.28943544463964,93.41397464180018,92.54015862837328,96.90011481056256,./Chunk2/SEQUENCE_2_06
96.037018,48.595211,3.385209155162431,-0.087596,0.352014,-0.125974,0.138443,0.9201,98.4329211770702,99.1523587889208,96.4560347709796,98.58320814544646,97.22470353180526,97.02253862715528,98.85189437428244,./Chunk2/SEQUENCE_2_06
96.978995,49.391363,3.391916952096121,-0.08561,0.357263,-0.110639,0.161014,0.9353,99.20315523200816,99.51662857041016,97.84353059177532,99.4683742000368,99.03182121300703,99.0164763221718,99.65556831228471,./Chunk2/SEQUENCE_2_06
64.335518,40.384762,2.324211005067857,-0.106979,-0.292534,-0.321327,-0.72084,0.5444,79.60730656081171,90.3420494130651,74.80775660314275,80.162803066011,69.00385900832754,57.42894322981411,57.405281285878296,./Chunk2/SEQUENCE_2_06
97.686938,50.149198,3.4161099813106004,-0.087604,0.36847,-0.102767,0.178098,0.9436,99.71796847466852,99.78948158290392,99.0471414242728,100.0,99.88648948394405,99.978528030436,99.08151549942596,./Chunk2/SEQUENCE_2_06
69.789371,41.188078,2.476044606294159,-0.104686,-0.140091,-0.277349,-0.522127,0.6048,82.32703942463282,91.88096394317628,77.04781009695753,82.9421001822366,71.81873355672637,61.748391505429126,71.06773823191733,./Chunk2/SEQUENCE_2_06
77.205125,42.451654,2.653537539497096,-0.102502,-0.13491,-0.24328,-0.480692,0.6897,86.24430077073396,93.87034712848642,80.8926780341023,86.70745670305517,75.63069926173786,67.72373389266434,82.20436280137773,./Chunk2/SEQUENCE_2_06
100.0,,3.512179209841904,-0.08451,0.453566,-0.101566,0.26749,1.0,100.0,100.0,100.0,99.9664922858216,100.0,100.0,100.0,./Chunk2/SEQUENCE_2_06
86.897956,45.415163,3.142219360529671,-0.101442,0.024183,-0.163013,-0.240272,0.8475,94.4034811629058,96.1145131310447,87.12334270791482,88.79535865102244,83.57645137968397,76.48056776835608,37.34939759036144,./Chunk2/SEQUENCE_2_04
90.557107,46.686349,3.22938741455329,-0.096603,0.066908,-0.140653,-0.170348,0.8896,96.40212062289594,97.29484922792714,90.03615910004018,91.7424468751224,86.82659828991349,81.85053984381466,51.20481927710844,./Chunk2/SEQUENCE_2_04
92.469325,47.48326,3.276206970081322,-0.094224,0.130842,-0.12802,-0.091402,0.9099,97.39715170908356,97.89261047111344,91.88429087987144,93.34042308139784,89.3699926348644,86.13403984228204,67.46987951807229,./Chunk2/SEQUENCE_2_04
94.491705,48.538412,3.3363714650267804,-0.091353,0.190024,-0.112976,-0.014305,0.9316,98.39561023408064,98.67892808387649,94.6163117717959,95.94532670038484,93.84291175398228,92.4347482244467,80.12048192771084,./Chunk2/SEQUENCE_2_04
95.589472,49.267667,3.400867059076141,-0.088705,0.339183,-0.102166,0.148312,0.9468,98.99830510361956,99.14726614712905,96.34391321815993,97.28458751522258,97.10956999355516,96.56962386163816,80.72289156626506,./Chunk2/SEQUENCE_2_04
96.396184,49.932171,3.4463371131969223,-0.088807,0.308929,-0.100357,0.119766,0.9553,99.47129362593456,99.50386198160896,97.95098433105666,98.50475108611704,99.07024975145036,98.9318377576992,89.7590361445783,./Chunk2/SEQUENCE_2_04
76.345537,42.827309,2.571094180138088,-0.110862,-0.319802,-0.218022,-0.648686,0.7206,88.78321059279556,92.73410648069527,81.23744475693049,83.47869070788931,76.09242067727307,64.88143053757553,9.638554216867467,./Chunk2/SEQUENCE_2_04
96.999503,50.575014,3.542085727342787,-0.087598,0.356661,-0.093968,0.175095,0.9606,99.80232431861047,99.77116753772484,99.1161108879068,99.54754623195868,99.904883915881,99.909186489549,95.18072289156626,./Chunk2/SEQUENCE_2_04
79.651779,43.53008,2.722842154341941,-0.109018,-0.203816,-0.215491,-0.528325,0.7637,90.40867867353242,93.81196899639636,82.68380875853755,85.02161125925267,78.15792030874562,68.20319420787997,8.433734939759036,./Chunk2/SEQUENCE_2_04
84.132738,44.622269,2.9558219020930983,-0.102747,-0.206019,-0.181123,-0.489889,0.8119,92.80346526804573,95.2600299671524,85.31538770590599,87.52472301165014,81.04663151287356,72.63552291845687,22.89156626506024,./Chunk2/SEQUENCE_2_04
100.0,,3.501906605249216,-0.087404,0.373376,-0.086904,0.199068,1.0,100.0,100.0,100.0,100.0,100.0,100.0,100.0,./Chunk2/SEQUENCE_2_04
87.733662,47.683842,3.120582235308121,-0.087415,-0.008486,-0.178034,-0.273936,0.8519,94.7381988535856,97.3919099053449,89.099645928174,89.34370821271312,84.75125956794007,78.85771195076849,97.7025392986699,./Chunk2/SEQUENCE_2_01
91.141249,48.939441,3.226877559675011,-0.084278,0.183897,-0.156243,-0.056624,0.8958,96.79526240499166,98.27672145497442,91.98280222559433,92.4352311729362,87.8185995174533,83.6009387059784,99.03264812575574,./Chunk2/SEQUENCE_2_01
92.929309,49.78812,3.311601712378116,-0.082182,-0.05003,-0.147338,-0.279551,0.9153,97.77781843631077,98.74842232619169,93.601416287304,94.21124302610444,89.74407622384038,86.41629424609152,100.0,./Chunk2/SEQUENCE_2_01
94.81369,50.893764,3.5071033406652026,-0.07889,0.031593,-0.135171,-0.182469,0.9389,98.72067671094544,99.2534224194448,96.00404653515426,96.5223415031708,93.11600131276914,91.50739904406954,96.61426844014512,./Chunk2/SEQUENCE_2_01
95.80799,51.692625,3.563422095424186,-0.079046,0.229228,-0.130407,0.019775,0.9479,99.25713007408234,99.53052843261298,97.62266059686394,98.048754901877,95.87962625803102,95.04287907482512,96.85610640870618,./Chunk2/SEQUENCE_2_01
96.469823,52.417251,3.589799783272933,-0.07869,0.118696,-0.126914,-0.086909,0.9558,99.59644077102696,99.74233540601476,98.71016691957512,99.08019237973592,98.58220932992973,98.28599471801408,96.73518742442565,./Chunk2/SEQUENCE_2_01
76.931006,44.912023,2.6513193776065727,-0.099096,-0.364706,-0.245737,-0.709538,0.721,88.22130092584281,94.47439279437376,82.5493171471927,82.88902530086281,77.66308177284365,67.82754962556518,83.67593712212818,./Chunk2/SEQUENCE_2_01
97.028655,53.172472,3.492123790966821,-0.076336,0.141325,-0.132474,-0.067485,0.96,99.84476876687252,99.89657805561212,99.49418310571572,99.74319304847396,100.0,100.0,95.64691656590084,./Chunk2/SEQUENCE_2_01
80.556973,45.726872,2.764813167096767,-0.095893,-0.322296,-0.228531,-0.64672,0.7612,90.35744593466212,95.42599242003944,84.69903894790086,84.77095792721646,79.858262548153,71.06580852984537,86.81983071342201,./Chunk2/SEQUENCE_2_01
85.070842,46.886811,3.0303301209981246,-0.0916,-0.113358,-0.200123,-0.405081,0.8215,93.03129092371567,96.66639313274344,87.202832574608,87.58017826262433,82.58600387588467,75.49018472832334,95.64691656590084,./Chunk2/SEQUENCE_2_01
100.0,,3.5730143364923608,-0.07591,0.197575,-0.12475,-0.003085,1.0,100.0,100.0,100.0,100.0,99.88744990811564,99.92438170466454,97.09794437726724,./Chunk2/SEQUENCE_2_01
83.042665,42.266569,2.7071761761962043,-0.104575,-0.760486,-0.385198,-1.250259,0.7537,95.4384152055508,94.26292360389644,88.89501746644603,93.80424265016735,90.9886723522733,88.63979800760109,66.66666666666666,./Chunk2/SEQUENCE_2_03
87.301805,43.256753,2.952774821449541,-0.100287,-0.560338,-0.344807,-1.005432,0.8031,96.61199070156404,95.41259308824957,90.78874793160507,94.47868050649738,94.02143011131992,92.97673185071952,50.0,./Chunk2/SEQUENCE_2_03
89.910195,43.998655,3.073793049832261,-0.098789,-0.579882,-0.313129,-0.9918,0.8288,97.1748108357124,96.3063473715872,92.1676778819636,95.12218489739574,95.71404243733484,95.33390706798166,33.33333333333333,./Chunk2/SEQUENCE_2_03
92.969567,45.184639,3.1794194937149305,-0.098189,-0.640374,-0.316045,-1.054608,0.8699,98.1089192282958,97.58974082235872,94.42912300055156,96.2321697793206,97.04964583793252,96.7134888481066,83.33333333333334,./Chunk2/SEQUENCE_2_03
94.823674,46.133953,3.221349367905825,-0.096919,-0.559034,-0.282368,-0.938321,0.8869,98.87296561003448,98.40762158163228,96.13899613899612,97.6946278784504,97.68397754709028,97.05849750433303,100.0,./Chunk2/SEQUENCE_2_03
95.924138,46.851595,3.2506966901846,-0.097064,-0.671198,-0.308948,-1.077209,0.8964,99.4010019540233,99.01859129714416,97.6466262180548,98.76944708367526,98.64881652233528,98.25678386092704,83.33333333333334,./Chunk2/SEQUENCE_2_03
70.655026,40.013526,2.264291283460188,-0.11068,-0.769663,-0.515042,-1.395386,0.6159,92.87989260321052,91.42566872044846,85.45688545688544,91.84940259380396,87.09340722051165,82.0474215116628,0.0,./Chunk2/SEQUENCE_2_03
96.712162,47.458785,3.2936103666530974,-0.098247,-0.599851,-0.296713,-0.994812,0.9,99.72329532153177,99.45602040662057,98.63945578231292,99.53352784009807,99.14347102895022,98.80626178011708,100.0,./Chunk2/SEQUENCE_2_03
74.771117,40.724782,2.3375645839389976,-0.109443,-0.710415,-0.465589,-1.285446,0.6658,93.30909609415738,92.3248968770568,86.21070049641479,92.21908791431672,88.08244448821128,83.75062979880106,16.666666666666664,./Chunk2/SEQUENCE_2_03
79.88819,41.652247,2.547117932876552,-0.105784,-0.704239,-0.400307,-1.21033,0.7242,94.60031029620448,93.40906251594738,87.73671630814488,93.10408244680796,89.29960565841483,86.1108174183004,50.0,./Chunk2/SEQUENCE_2_03
100.0,,3.4083752160457967,-0.095369,-0.58129,-0.275823,-0.952481,1.0,100.0,100.0,100.0,100.0,100.0,100.0,83.33333333333334,./Chunk2/SEQUENCE_2_03
88.183871,43.560296,2.795563153463567,-0.091862,-0.570881,-0.452326,-1.11507,0.8943,93.62496046146477,84.8044497408211,80.45365443853262,82.92626935747668,80.11068151261223,71.62292445799761,0.0,./Chunk2/SEQUENCE_2_05
90.274678,44.263173,3.027171384699474,-0.091343,-0.784066,-0.435772,-1.311181,0.9114,94.3512262776482,87.67065425193653,83.30999719966395,86.20190754441069,88.6151149679097,85.90899285944461,0.0,./Chunk2/SEQUENCE_2_05
91.69036,44.864034,3.0974344877241946,-0.092031,-0.596924,-0.414261,-1.103216,0.9272,94.97187820137428,90.1221625343505,85.60627275273032,88.2916671988773,92.88716048310668,91.72828971067013,100.0,./Chunk2/SEQUENCE_2_05
93.542691,45.822301,3.156388326810636,-0.090177,-0.736168,-0.397704,-1.224049,0.9419,96.39045131677582,93.47470139720296,89.41472976757211,92.50370506477404,94.58535125838772,92.78239053284398,0.0,./Chunk2/SEQUENCE_2_05
94.771758,46.602367,3.198884674241416,-0.093476,-0.673097,-0.392994,-1.159568,0.9514,97.8012521391672,95.70132787225891,92.66311957434893,95.96016400602372,96.09495509501744,94.67751998738444,0.0,./Chunk2/SEQUENCE_2_05
95.659266,47.242196,3.2255875634125104,-0.093749,-0.686073,-0.411243,-1.191064,0.9557,98.95252401219152,97.32691552936716,95.40744889386728,98.4131940265696,97.13112051452023,96.07765215543088,0.0,./Chunk2/SEQUENCE_2_05
83.002886,42.322149,2.46877507575815,-0.098463,-0.808688,-0.508193,-1.415344,0.8089,92.2050127131257,79.42134411879705,72.08064967796135,74.17344566278035,65.34841713955706,46.37959232539288,0.0,./Chunk2/SEQUENCE_2_05
96.240031,47.846043,3.3170165073774767,-0.09305,-0.516182,-0.401279,-1.01051,0.9577,99.54795338773948,98.52842134411218,97.5637076449174,99.64882302159153,97.84926233822009,97.11303005003504,0.0,./Chunk2/SEQUENCE_2_05
84.63361,42.63817,2.5831030908143244,-0.097174,-0.871698,-0.498598,-1.467469,0.8416,92.71631887176866,81.07671701657557,75.77709325119014,77.25646266770056,69.40388106506113,53.069083383480894,0.0,./Chunk2/SEQUENCE_2_05
86.673999,43.150985,2.702394443665459,-0.093977,-0.647005,-0.457119,-1.198102,0.8764,93.2349802518844,83.12615557391264,78.63343601232147,80.77627713263436,74.1979968473772,62.41799489576076,50.0,./Chunk2/SEQUENCE_2_05
100.0,,3.394214873015324,-0.094316,-0.551291,-0.405108,-1.050715,1.0,100.0,100.0,100.0,100.0,100.0,100.0,0.0,./Chunk2/SEQUENCE_2_05
87.470682,43.267938,2.8202767569921847,-0.076854,-0.662466,-0.336863,-1.076183,0.9178,95.24771999601776,84.53960926347168,84.47814451382693,83.8890839315903,78.93990498999688,66.5120708319863,61.01694915254237,./Chunk2/SEQUENCE_2_12
89.850838,44.000752,2.988102172606604,-0.077409,-0.389718,-0.321318,-0.788446,0.929,95.87683882638646,87.5522119222574,86.75289919714541,86.71172345292631,87.5617516823045,83.01743324425036,69.49152542372882,./Chunk2/SEQUENCE_2_12
91.27126,44.55339,3.1175751829994214,-0.074967,-0.582752,-0.296717,-0.954436,0.9355,96.34233559947864,89.74480476980587,89.049955396967,88.37407931707479,92.5133835110937,90.4545184484332,81.35593220338984,./Chunk2/SEQUENCE_2_12
93.213876,45.525508,3.200549471546953,-0.077043,-0.306783,-0.284405,-0.668231,0.9482,97.47829576034964,93.29611915331655,91.92685102586977,91.91231474755796,94.3515054642582,92.32500996500184,74.57627118644068,./Chunk2/SEQUENCE_2_12
94.38862,46.253392,3.2949297001848183,-0.078009,-0.211836,-0.296601,-0.586446,0.9528,98.3061039255041,95.41179957982072,94.22390722569132,94.96715055453768,95.36974770033204,92.91094370589842,84.74576271186442,./Chunk2/SEQUENCE_2_12
95.207455,46.852937,3.2868587560504547,-0.076978,-0.398961,-0.277221,-0.75316,0.9575,99.0618003796707,97.03395855751177,96.43175735950044,97.3298090321789,97.33658270698764,95.93249405098454,89.83050847457628,./Chunk2/SEQUENCE_2_12
82.392419,42.029658,2.485694269297242,-0.083972,-0.589322,-0.428205,-1.101499,0.8534,94.16500606133256,79.17250257455112,77.74308652988404,76.71629183483333,62.332976673388,36.148340593582176,47.45762711864407,./Chunk2/SEQUENCE_2_12
95.91674,47.419889,3.265499245544018,-0.078731,-0.384337,-0.290717,-0.753785,0.9616,99.53039134702686,98.38038025755964,97.76984834968778,98.7835140579526,98.33158508618116,97.49478877124903,100.0,./Chunk2/SEQUENCE_2_12
84.037411,42.36535,2.602506446226008,-0.080211,-0.565641,-0.391436,-1.037288,0.8744,94.5924368269896,80.67739257647631,80.06244424620874,79.07890994555541,66.90407775362071,43.18202801804272,42.37288135593221,./Chunk2/SEQUENCE_2_12
86.228497,42.895329,2.709575910926045,-0.079451,-0.540145,-0.357289,-0.976886,0.9004,94.97756968494996,82.83682394454628,82.64942016057091,82.08316023613956,71.8321717786465,54.31242602956112,45.76271186440678,./Chunk2/SEQUENCE_2_12
100.0,,3.374264112406266,-0.077436,-0.544745,-0.284809,-0.906989,1.0,100.0,100.0,100.0,100.0,100.0,100.0,88.13559322033898,./Chunk2/SEQUENCE_2_12
86.746114,46.350308,3.1130031543685464,-0.096144,0.103692,-0.109031,-0.101483,0.8547,93.04290538933148,93.50513697456354,86.64398128455976,88.86827705989835,80.37758582804472,67.95481415686518,90.43367346938774,./Chunk2/SEQUENCE_2_08
90.158777,47.508064,3.243310676923574,-0.09258,0.320404,-0.084681,0.143143,0.9017,95.49079430682804,95.44106997263675,89.51509995746491,92.31669037779736,83.33399010304798,73.05196074598271,93.11224489795916,./Chunk2/SEQUENCE_2_08
92.106498,48.314773,3.297077748664213,-0.092799,0.167001,-0.066998,0.007204,0.9216,96.78709734054895,96.64530186360112,91.64185452998724,94.37709436048183,86.47939810704374,79.4244884405939,95.40816326530611,./Chunk2/SEQUENCE_2_08
94.103328,49.383565,3.383512530974553,-0.089839,0.356561,-0.060135,0.206587,0.9401,98.09526100281298,97.95803960300368,94.6193109315185,96.71069507813218,91.38175428866568,87.48531773980474,97.32142857142856,./Chunk2/SEQUENCE_2_08
95.182354,50.148983,3.428690288303627,-0.087299,0.318772,-0.05204,0.179432,0.953,98.85849285445822,98.76156615631749,96.51212250106336,98.39196315398291,95.62062710967,93.80071333895384,99.23469387755102,./Chunk2/SEQUENCE_2_08
95.89847,50.863146,3.495438950777827,-0.087226,0.299331,-0.048684,0.16342,0.9587,99.37035718401674,99.35192546924554,98.23479370480646,99.327120984367,98.91013525401988,98.51693340242416,99.23469387755102,./Chunk2/SEQUENCE_2_08
75.777166,43.78434,2.678273067212344,-0.103642,-0.239319,-0.188942,-0.531903,0.7423,86.26482827628158,87.72312640367073,80.07230965546577,79.63320893580715,73.21495261933546,51.87715415533432,77.8061224489796,./Chunk2/SEQUENCE_2_08
96.521674,51.583406,3.485892500826759,-0.086913,0.25963,-0.042146,0.130572,0.9645,99.79165507105874,99.77220586155244,99.34070608251808,100.0,100.0,100.0,100.0,./Chunk2/SEQUENCE_2_08
79.446776,44.539024,2.849863182911455,-0.101152,-0.138643,-0.155998,-0.395793,0.7773,88.26585266897303,89.58059570933757,81.94385367928541,82.45737641984509,75.02916138615707,56.02359514242274,83.80102040816327,./Chunk2/SEQUENCE_2_08
84.011738,45.597789,2.986518456422858,-0.096675,0.022474,-0.114172,-0.188373,0.8264,91.2328282102268,92.02907405526088,84.5810293492131,86.41592759612335,78.12491435641839,63.256215558983165,86.4795918367347,./Chunk2/SEQUENCE_2_08
100.0,,3.513440343603765,-0.08762,0.491229,-0.041249,0.362359,1.0,100.0,100.0,100.0,99.98256274613183,99.57016449243456,99.51645597084088,100.0,./Chunk2/SEQUENCE_2_08
85.104539,43.758529,2.9340554730713766,-0.098701,-0.089103,-0.206958,-0.394763,0.8828,92.76675882938036,95.99082256232676,90.05317079496822,91.74475054892736,88.12703597547824,83.04914633999343,91.83438757906842,./Chunk3/SEQUENCE_3_03
90.329887,45.381246,3.2644789445461955,-0.09323,-0.065115,-0.180492,-0.338837,0.9178,95.83774960043846,97.53495596580288,92.9581117883543,94.46928849064514,91.0908381381428,87.65300399407518,96.03220241518112,./Chunk3/SEQUENCE_3_03
92.842277,46.43212,3.290334617918149,-0.091668,-0.051982,-0.183973,-0.327623,0.9346,97.27787691159634,98.25401457471514,94.68292050317729,95.82824080324596,92.89567133546647,90.6571930578393,98.10235767682576,./Chunk3/SEQUENCE_3_03
95.449333,47.825813,3.399698365052551,-0.089295,0.046649,-0.159197,-0.201844,0.9535,98.5668284872486,99.00292293176828,96.77084684217353,97.62450880770842,95.6202706999642,94.60165251049573,99.71247843588267,./Chunk3/SEQUENCE_3_03
96.773833,48.768871,3.445767916635896,-0.087745,0.077856,-0.147831,-0.15772,0.9625,99.12359497542496,99.3874366521141,97.91207366100376,98.59638027698628,97.85235578344891,97.43566972196048,99.42495687176536,./Chunk3/SEQUENCE_3_03
97.623774,49.541183,3.481243699690734,-0.086984,0.064812,-0.144466,-0.166637,0.9683,99.48528135947792,99.6286540059216,98.7290883153936,99.2586211797142,99.26530330892572,99.12391630664683,100.0,./Chunk3/SEQUENCE_3_03
69.346881,40.616506,2.381545820364768,-0.109221,-0.510886,-0.273058,-0.893165,0.7897,83.51767733564229,90.98111090907972,82.09052003631176,84.68371124643818,80.0028573143913,71.06855160355063,84.81886141460609,./Chunk3/SEQUENCE_3_03
98.229069,50.244958,3.491173149519037,-0.087665,0.095679,-0.146221,-0.138207,0.9736,99.74267153733273,99.8147958719252,99.42938659058488,99.68876706293656,100.0,100.0,99.8274870615296,./Chunk3/SEQUENCE_3_03
74.653858,41.511534,2.57935952950102,-0.105067,-0.246066,-0.258166,-0.609298,0.8241,86.52321401535102,92.68168916456123,84.48969005317079,86.72596977168885,82.81160847899707,75.12112336112098,86.71650373778033,./Chunk3/SEQUENCE_3_03
81.166632,42.806072,2.798479738408916,-0.103315,-0.378398,-0.234389,-0.716102,0.8673,90.31713824572,94.77020118004464,87.86149656335105,89.67475076210305,86.03511494853498,79.94423681114966,90.74180563542264,./Chunk3/SEQUENCE_3_03
100.0,,3.548516625408101,-0.087402,0.02949,-0.139544,-0.197456,1.0,100.0,100.0,100.0,100.0,99.85503298697196,99.8063231606018,99.88499137435308,./Chunk3/SEQUENCE_3_03
70.772941,40.379462,2.59748885808628,-0.125217,-0.567422,-0.337776,-1.030415,0.7512,86.5716736080424,95.64870715351871,83.300920523791,88.4283406937717,84.09524444497583,83.46294695706672,71.4430894308943,./Chunk3/SEQUENCE_3_10
81.359445,42.273013,2.955453424634146,-0.123219,-0.482298,-0.301931,-0.907447,0.8335,91.73424701526469,97.32365650425396,88.61662128873331,93.17894822475678,89.53893203220453,89.47374888887978,89.43089430894308,./Chunk3/SEQUENCE_3_10
86.924251,43.61225,3.092263721116568,-0.119833,-0.437442,-0.287215,-0.84449,0.8675,94.30062524833892,98.11309755462378,91.4430182808246,95.37632415530533,92.19285220830032,92.3542640390295,91.46341463414636,./Chunk3/SEQUENCE_3_10
92.236502,45.350687,3.362368231029277,-0.115579,-0.31077,-0.276343,-0.702692,0.9047,96.9036003959754,98.89579514407744,94.46389213016984,97.47511571839954,95.22963117278104,95.35862813008195,95.22357723577235,./Chunk3/SEQUENCE_3_10
94.893272,46.476356,3.328940705154176,-0.114705,-0.324544,-0.262543,-0.701792,0.93,98.40391295966694,99.34979319024342,96.52534681706211,98.66730457267867,97.4689877795244,97.51321567406596,98.06910569105692,./Chunk3/SEQUENCE_3_10
96.397572,47.319093,3.366791590272306,-0.114508,-0.340589,-0.274589,-0.729687,0.9412,99.3528949911344,99.64432464098432,98.06819655127708,99.47754141751128,99.15189457597972,99.18134249947772,98.57723577235772,./Chunk3/SEQUENCE_3_10
48.002732,37.402426,2.006897939316888,-0.134092,-0.710689,-0.453047,-1.297828,0.5984,75.5062397084774,91.22121406481666,73.0325424607805,76.50320660015541,71.01085663298672,67.41741099773475,33.84146341463415,./Chunk3/SEQUENCE_3_10
97.636387,48.181228,3.433299657263376,-0.111903,-0.267932,-0.262885,-0.642719,0.9495,100.0,99.8607774398265,99.14430182808246,100.0,100.0,100.0,100.0,./Chunk3/SEQUENCE_3_10
54.692659,38.20364,2.178182410031085,-0.132636,-0.588111,-0.390807,-1.111555,0.6429,78.72808455197267,92.74999690627494,75.92376507195644,80.16340445169412,74.95596895950969,72.20169238457662,46.34146341463415,./Chunk3/SEQUENCE_3_10
63.908982,39.407977,2.4189195289298127,-0.128704,-0.623733,-0.368322,-1.120759,0.7086,83.16854476185793,94.4326725719356,80.13743031245949,85.02765497525486,80.32968108577275,78.89009843398614,59.959349593495936,./Chunk3/SEQUENCE_3_10
100.0,,3.537090777742816,-0.109975,-0.399708,-0.264398,-0.774082,1.0,99.92720022470286,100.0,100.0,99.77638378088444,99.76360736977584,99.31870921625574,99.49186991869918,./Chunk3/SEQUENCE_3_10
80.017666,44.649173,2.845067032951997,-0.087502,-0.345387,-0.263643,-0.696532,0.8279,88.58720363001382,94.73861288539396,83.17139525845317,85.07018928246795,79.20633283080925,71.47179414921847,79.32263814616756,./Chunk3/SEQUENCE_3_05
86.122369,46.081897,3.131389981193898,-0.084396,-0.106458,-0.240986,-0.43184,0.8744,92.41783447646029,96.42751008991904,86.98017877963467,89.62795428625336,84.31715399469965,80.11462094314882,89.83957219251336,./Chunk3/SEQUENCE_3_05
89.387403,47.042756,3.187987527284639,-0.079419,-0.025715,-0.243257,-0.348391,0.8981,94.5478096287962,97.35473789589425,89.40924990283715,92.28161308881523,87.80623066281376,85.33691679854942,96.96969696969695,./Chunk3/SEQUENCE_3_05
92.823125,48.330716,3.347193355708205,-0.077229,-0.046829,-0.196996,-0.321054,0.9278,96.8156687477486,98.3581552429405,92.94597745822,95.37129166498076,92.8022045511278,91.70814431106024,100.0,./Chunk3/SEQUENCE_3_05
94.545347,49.176942,3.423163284653512,-0.074982,-0.149907,-0.194803,-0.419693,0.9446,98.1733111005026,98.99076470739224,95.45277885736492,97.39117734815868,95.97247950513238,95.47603123895456,99.46524064171123,./Chunk3/SEQUENCE_3_05
95.660416,49.894534,3.3601871631398583,-0.074855,0.063036,-0.19717,-0.208989,0.9502,99.09388461789334,99.41366963242758,97.0656820831714,98.84258599131014,98.30292825332496,98.10835808199388,98.57397504456328,./Chunk3/SEQUENCE_3_05
63.849683,41.862795,2.3707539036289926,-0.098659,-0.542235,-0.362891,-1.003785,0.6736,79.74270478839391,89.87795129440768,75.00971628449281,73.71940774391854,68.71713421267467,51.96537067675182,52.76292335115864,./Chunk3/SEQUENCE_3_05
96.546325,50.589604,3.423400823919128,-0.073718,0.083522,-0.1799,-0.170096,0.9588,99.77185616298712,99.73415000498748,98.60085503303536,99.7714355941742,99.74246679796964,99.72540365705969,98.2174688057041,./Chunk3/SEQUENCE_3_05
69.009731,42.656124,2.529220452169944,-0.095558,-0.479984,-0.358479,-0.934021,0.7359,82.30961555817876,91.48870925589056,77.38048970073844,77.02508829510764,71.40555249742928,57.15567493664292,58.64527629233511,./Chunk3/SEQUENCE_3_05
75.860504,43.820662,2.714390888793983,-0.092333,-0.511032,-0.298896,-0.90226,0.7919,86.10950498616977,93.5271010943876,80.54799844539447,81.93496486262573,75.81277634116773,65.49557246335938,67.5579322638146,./Chunk3/SEQUENCE_3_05
100.0,,3.514966811172422,-0.07339,0.099604,-0.152966,-0.126753,1.0,100.0,100.0,100.0,100.0,100.0,100.0,98.93048128342244,./Chunk3/SEQUENCE_3_05
86.601142,44.295951,3.1090736847279885,-0.103396,-0.31307,-0.34364,-0.760106,0.8629,96.14757954228088,94.58987929861595,90.95324833029753,92.45491573341626,77.27465034719364,69.69615445149783,90.22457067371202,./Chunk3/SEQUENCE_3_06
90.78352,45.88591,3.227754681703922,-0.098554,-0.131623,-0.309528,-0.539705,0.8863,97.7712669413305,96.30587840583782,93.42744383727992,94.07878018738752,81.21907226325288,75.12856618225698,93.92338177014533,./Chunk3/SEQUENCE_3_06
92.894955,46.919906,3.3687612671263785,-0.099459,-0.102393,-0.291948,-0.4938,0.913,98.49834448039114,97.2187892300132,94.6569520340012,95.18302894321972,84.42085209490561,79.44880121714496,96.56538969616908,./Chunk3/SEQUENCE_3_06
94.926556,48.10601,3.393738631320009,-0.097348,-0.183828,-0.291366,-0.572542,0.9343,99.225825745493,98.36632025178471,96.7364905889496,96.84464320236935,89.56509454226448,86.43718587692145,99.60369881109644,./Chunk3/SEQUENCE_3_06
95.908144,48.896351,3.4637213587200018,-0.094827,-0.016336,-0.275651,-0.386813,0.953,99.56995090262976,98.99209346080278,98.0722525804493,98.30350718797148,93.71897188925938,92.07701589633282,99.07529722589167,./Chunk3/SEQUENCE_3_06
96.491508,49.498912,3.4936371260098893,-0.094797,-0.023542,-0.265169,-0.383508,0.9604,99.72482902787776,99.38771016147028,98.75531268973891,99.20248320348546,97.6728038672092,97.26327055243692,100.0,./Chunk3/SEQUENCE_3_06
75.153221,41.36648,2.6514008935945195,-0.110979,-0.569438,-0.425626,-1.106043,0.7573,91.07877082135629,90.37800495878064,85.36733454766241,89.90217313315037,72.71277781012051,60.746235769372014,75.03302509907529,./Chunk3/SEQUENCE_3_06
96.922433,50.109817,3.568534749279612,-0.096201,-0.028603,-0.275647,-0.400452,0.9633,99.87699429790896,99.691127126375,99.408014571949,99.7461401898589,99.59609505015688,99.68064634594198,98.81109643328932,./Chunk3/SEQUENCE_3_06
78.583543,42.15573,2.751505600950173,-0.107575,-0.454643,-0.408842,-0.97106,0.792,92.61958936475926,91.61494425809695,86.79417122040073,90.71808213799552,73.23336752740711,62.22620009443366,80.18494055482167,./Chunk3/SEQUENCE_3_06
83.534478,43.391096,2.975952813337676,-0.104317,-0.420928,-0.348179,-0.873424,0.8333,94.71592119891092,93.33966218539727,89.20765027322403,91.74262094387343,75.02541971385381,66.19812181942186,83.61955085865259,./Chunk3/SEQUENCE_3_06
100.0,,3.576667945103842,-0.095579,-0.144789,-0.268958,-0.509326,1.0,100.0,100.0,100.0,100.0,100.0,100.0,99.73579920739762,./Chunk3/SEQUENCE_3_06
93.070083,47.178053,3.356956832883428,-0.071564,0.520253,-0.066775,0.381914,0.9347,97.62796201569326,96.39537267585771,95.07601237723664,92.3674796220122,90.7432524803344,68.84106883277545,98.28536436007349,./Chunk3/SEQUENCE_3_07
94.67795,48.254614,3.436703248911483,-0.070407,0.580326,-0.047855,0.462064,0.9495,98.6194958415196,97.64094051881274,96.73079510291942,94.7668726423679,93.3169505709931,77.48771048984602,98.71402327005512,./Chunk3/SEQUENCE_3_07
95.470328,48.95803,3.4884933665034588,-0.070034,0.538647,-0.037928,0.430685,0.959,99.05330631425852,98.3000191626194,97.76671599623302,96.31767351636886,94.91812878307536,84.39339991515737,98.59154929577466,./Chunk3/SEQUENCE_3_07
96.346259,49.882067,3.5424245335775684,-0.069474,0.601068,-0.033627,0.497967,0.9657,99.46085166037388,99.05409110291556,98.85645096192654,98.05213787997094,97.08086841418834,91.58735022133789,99.51010410287816,./Chunk3/SEQUENCE_3_07
96.793341,50.530132,3.5701776028543653,-0.067848,0.645972,-0.036135,0.54199,0.9686,99.63020239645446,99.41641950172712,99.260056504776,99.03814308985652,98.95000833640624,96.8030324820878,99.69381506429885,./Chunk3/SEQUENCE_3_07
97.189163,51.173037,3.5771709445820035,-0.069042,0.445875,-0.028856,0.347977,0.973,99.79967398014992,99.71985351973348,99.77129019238532,99.79829219632629,99.84155757333096,99.24839570758188,100.0,./Chunk3/SEQUENCE_3_07
88.47557,45.039909,3.1133088061056045,-0.075949,0.410863,-0.094898,0.240017,0.8914,94.55488441998706,93.18176411886444,91.05341046683708,87.04166147209139,84.45440756548136,51.61205923713382,94.18248622167788,./Chunk3/SEQUENCE_3_07
97.430904,51.648289,3.5901342965755614,-0.067264,0.663991,-0.028963,0.567764,0.9745,99.8880622630581,99.873200133586,99.94618592762008,100.0,100.0,99.80632317799804,99.6325780771586,./Chunk3/SEQUENCE_3_07
90.122065,45.654556,3.154257846809119,-0.073644,0.414041,-0.086769,0.253628,0.8993,95.7329647211691,94.24142899361452,92.1565989506256,88.55046830606886,86.65946814945167,58.02814287129426,95.7134109001837,./Chunk3/SEQUENCE_3_07
91.937073,46.542204,3.282010278743021,-0.071858,0.473098,-0.06225,0.338991,0.9251,96.86315624553956,95.47408715331906,94.080452038208,90.85636760532786,89.01481730289063,64.10413198063429,96.2645437844458,./Chunk3/SEQUENCE_3_07
100.0,,3.610238245364286,-0.069129,0.591717,-0.022675,0.499913,1.0,100.0,100.0,100.0,99.74620542752244,99.96708032279538,100.0,99.75505205143908,./Chunk3/SEQUENCE_3_07
82.968979,42.459167,2.726956913574731,-0.087904,-0.692583,-0.391521,-1.172008,0.7272,95.02604869283768,94.43175604473386,87.59643916913947,90.48270408758256,83.96225192677295,77.4014733024714,60.824742268041234,./Chunk3/SEQUENCE_3_12
87.075528,43.448302,2.8554765875093384,-0.089441,-0.678317,-0.342132,-1.109891,0.773,96.01032552266096,95.49895521948972,89.5944609297725,91.92968594951236,89.28223027240116,86.40021965618618,80.41237113402062,./Chunk3/SEQUENCE_3_12
89.514259,44.160549,3.081034637124614,-0.090659,-0.668297,-0.349052,-1.108009,0.8034,96.67106596569045,96.24468085022646,91.41444114737884,92.95455210666064,92.6397853814143,91.5083482069267,82.4742268041237,./Chunk3/SEQUENCE_3_12
92.67536,45.3519,3.2606854446315823,-0.087522,-0.554647,-0.325423,-0.967593,0.8295,97.95225331375411,97.52893723749212,93.64985163204749,95.04844987823876,95.145620938438,94.40881737039524,86.5979381443299,./Chunk3/SEQUENCE_3_12
94.320226,46.184526,3.33026082515707,-0.087036,-0.379519,-0.319975,-0.786529,0.85,98.71588621815276,98.31788299738594,95.35113748763602,96.75988313931023,96.15335360892456,94.98080128122798,94.84536082474226,./Chunk3/SEQUENCE_3_12
95.512248,46.902516,3.376226475699016,-0.088291,-0.561959,-0.31395,-0.9642,0.864,99.416305875303,98.93934477673712,97.01285855588526,98.0955774077285,97.79203826570492,97.08698689220162,92.78350515463916,./Chunk3/SEQUENCE_3_12
71.418121,40.356062,2.248347123691433,-0.099065,-0.65991,-0.509501,-1.268476,0.5849,91.87298098586434,92.23116398798132,83.50148367952522,87.34899354414513,74.97435821493798,63.06987974522076,41.23711340206185,./Chunk3/SEQUENCE_3_12
96.390504,47.548542,3.379799157793825,-0.087782,-0.645899,-0.320341,-1.054022,0.8618,99.7263999574649,99.42256391183088,98.08110781404552,98.99174578019633,98.73311491608932,98.30848776142464,95.8762886597938,./Chunk3/SEQUENCE_3_12
75.092221,40.993483,2.4335969988619035,-0.096296,-0.710544,-0.470609,-1.277449,0.6365,93.00266463322208,92.75634480248344,84.60929772502473,88.16348311725275,76.73247174691782,66.05481479227802,43.29896907216495,./Chunk3/SEQUENCE_3_12
80.005421,41.859798,2.688339181779539,-0.093437,-0.699458,-0.409846,-1.202741,0.7126,94.1470772742824,93.7669367897724,86.54797230464887,89.65812623769483,80.89355079025499,72.736472677768,53.608247422680414,./Chunk3/SEQUENCE_3_12
100.0,,3.401559931687939,-0.086384,-0.328828,-0.327135,-0.742347,1.0,100.0,100.0,100.0,100.0,100.0,100.0,100.0,./Chunk3/SEQUENCE_3_12
87.924918,47.054134,3.14763707359037,-0.084039,-0.016649,-0.261767,-0.362454,0.8624,94.0448157215001,96.41884322237392,87.90123456790123,89.37354633593792,83.15134745128914,76.12329905156506,96.7159277504105,./Chunk3/SEQUENCE_3_04
91.268986,48.344652,3.287050995157724,-0.079798,0.070011,-0.242959,-0.252746,0.8976,96.27635695810102,97.546558930543,90.97643097643098,92.33779660958254,86.22200846485603,80.77831128741384,99.17898193760264,./Chunk3/SEQUENCE_3_04
93.072839,49.217013,3.429295285509305,-0.074627,0.14139,-0.234681,-0.167918,0.9228,97.39017992742536,98.21376403449509,93.01907968574636,94.44820639573985,88.86013241271873,84.90355463816633,98.6863711001642,./Chunk3/SEQUENCE_3_04
94.885631,50.3381,3.510109661280646,-0.070778,0.192876,-0.211199,-0.089102,0.947,98.48167544561883,98.90981969296358,95.48821548821547,96.60162866992027,93.03345018700286,91.0662761356076,99.50738916256158,./Chunk3/SEQUENCE_3_04
95.855379,51.141138,3.558518063091716,-0.069025,0.217689,-0.189229,-0.040565,0.957,99.07130419521783,99.31200785590678,97.28395061728396,98.02110673632728,96.22212263315842,95.25474179877256,99.50738916256158,./Chunk3/SEQUENCE_3_04
96.522378,51.875204,3.623335422060538,-0.068265,0.221165,-0.190058,-0.037159,0.9622,99.4661788202406,99.61088798744986,98.76543209876544,99.1047081167066,98.89893516349946,98.63472895376349,99.67159277504103,./Chunk3/SEQUENCE_3_04
77.480467,44.269424,2.618422984846616,-0.102839,-0.270675,-0.361323,-0.734837,0.7563,87.18218639182778,92.78347820648123,80.98765432098766,81.37287176820243,74.75283768531646,63.32787512364951,91.54351395730708,./Chunk3/SEQUENCE_3_04
97.057491,52.643428,3.6294846459442014,-0.065193,0.15261,-0.178571,-0.091153,0.9669,99.77203963279898,99.83987792452758,99.50617283950616,99.85704462926286,100.0,100.0,99.3431855500821,./Chunk3/SEQUENCE_3_04
80.851354,45.041488,2.83407690102843,-0.096038,-0.280774,-0.334222,-0.711033,0.7961,89.35715669523884,94.01166639863258,82.91806958473626,83.71729147642,77.5274329546644,67.40263087043738,94.58128078817734,./Chunk3/SEQUENCE_3_04
85.305734,46.221287,3.018230947156494,-0.088769,-0.110076,-0.276682,-0.475527,0.8349,92.24422381208568,95.52248049672254,86.17283950617283,87.11833974984377,80.72919455549054,72.56387283541292,92.20032840722496,./Chunk3/SEQUENCE_3_04
100.0,,3.6680966733937455,-0.063537,0.236285,-0.165218,0.007529,1.0,100.0,100.0,100.0,100.0,99.94140432479178,99.98187560195312,100.0,./Chunk3/SEQUENCE_3_04
83.636675,43.45701,2.8115389527598955,-0.110886,-0.324303,-0.348217,-0.783406,0.7329,91.08911857336736,90.36985860562086,81.998199819982,84.75729479342782,75.15196513315493,66.09696947939896,79.88721804511277,./Chunk3/SEQUENCE_3_01
87.441171,44.355598,3.161929984719801,-0.109153,-0.250475,-0.339963,-0.699591,0.7901,93.12327660909745,92.49874073493052,84.83348334833484,87.31218808428532,81.75892242506974,76.44328003923681,84.21052631578947,./Chunk3/SEQUENCE_3_01
89.389671,44.929049,3.2459960666903465,-0.108939,-0.22868,-0.333091,-0.67071,0.799,94.42075863397676,93.76707016199472,86.90369036903691,88.8047273566347,86.01630088016438,82.89773248229662,93.98496240601504,./Chunk3/SEQUENCE_3_01
91.979349,45.877881,3.32750114231818,-0.107543,-0.357967,-0.315236,-0.780746,0.8314,96.15381684875376,95.57165113384652,90.12151215121511,91.61231565676576,92.27438510370622,90.98748913928829,94.92481203007516,./Chunk3/SEQUENCE_3_01
93.639783,46.684944,3.37937915229348,-0.108253,-0.223458,-0.30936,-0.641071,0.8615,97.3595566408478,96.88844307126392,92.88928892889288,94.30338125822014,94.69536899948636,93.7366863804856,96.42857142857144,./Chunk3/SEQUENCE_3_01
94.729745,47.348012,3.385161997239832,-0.108441,-0.248668,-0.315332,-0.67244,0.8748,98.31026427331597,97.94463264005712,95.07200720072008,96.77480119767633,96.55509971293444,95.80690418657088,95.48872180451129,./Chunk3/SEQUENCE_3_01
73.176748,41.581374,2.4332561373045016,-0.115822,-0.425887,-0.447169,-0.988879,0.5761,85.30002190208165,85.83291982588275,75.92259225922592,80.2093783647773,65.23522015152422,51.401838328573454,71.80451127819548,./Chunk3/SEQUENCE_3_01
95.673986,47.967111,3.3932729602555427,-0.106981,-0.141934,-0.314201,-0.563116,0.8824,99.1161623780556,98.84421858890686,96.64716471647164,98.6942007895344,98.18822451491413,97.77949080423356,96.61654135338344,./Chunk3/SEQUENCE_3_01
76.731251,42.15297,2.5597529188300547,-0.112222,-0.342913,-0.420893,-0.876029,0.6463,86.79326337238696,87.36305891789118,77.40774077407741,81.46170363135326,67.66878965583152,55.30832293146799,74.24812030075188,./Chunk3/SEQUENCE_3_01
81.011992,42.939588,2.6805657739276008,-0.111579,-0.310201,-0.376649,-0.798429,0.6989,89.66694334185271,89.10443406889712,80.01800180018002,83.3439289574031,71.61852712003764,60.99545487401574,80.82706766917292,./Chunk3/SEQUENCE_3_01
100.0,,3.43669948915662,-0.107965,-0.273281,-0.292787,-0.674033,1.0,100.0,100.0,100.0,100.0,100.0,100.0,100.0,./Chunk3/SEQUENCE_3_01
86.004803,44.599764,3.045606066558088,-0.111311,-0.288404,-0.216968,-0.616683,0.8994,93.60839466502262,95.26658704236527,89.24795234549516,91.70992755127364,85.06386122095843,78.0714409719515,96.43167972149696,./Chunk3/SEQUENCE_3_11
90.433855,46.106559,3.2147247987171665,-0.104718,-0.064238,-0.193784,-0.36274,0.9304,96.34121421584086,96.8735372117534,91.97319434102756,94.33512112343084,88.90844806729767,83.98991206321385,97.38903394255874,./Chunk3/SEQUENCE_3_11
92.617733,47.076619,3.341358815859752,-0.102101,0.002204,-0.176143,-0.27604,0.9493,97.53438853117297,97.70585339808542,93.84959046909904,95.81901050859538,91.53106454415598,88.23509965787922,98.9556135770235,./Chunk3/SEQUENCE_3_11
94.834145,48.358995,3.391024798964048,-0.101488,-0.179939,-0.172381,-0.453808,0.9623,98.58544500342488,98.63304824916946,96.1578555472822,97.46969007739504,95.44374351095308,94.13934950272416,98.9556135770235,./Chunk3/SEQUENCE_3_11
95.970391,49.219972,3.4473357211684377,-0.096967,-0.156737,-0.162665,-0.416369,0.9684,99.14535828340496,99.1598317002887,97.63216679076696,98.61571334537078,98.44120648161469,98.05684548220732,99.91296779808528,./Chunk3/SEQUENCE_3_11
96.661708,49.861533,3.4860058275024874,-0.098131,-0.059018,-0.148632,-0.305781,0.9714,99.4708913995272,99.48235052912356,98.60014892032764,99.33088927566914,99.46933456880885,99.3987365129462,100.0,./Chunk3/SEQUENCE_3_11
72.489368,41.689654,2.580629542940947,-0.120537,-0.408117,-0.29776,-0.826414,0.8103,85.18741389612846,90.21378635244028,81.4445271779598,85.65600721570205,76.18943152393311,66.99629187237055,93.21148825065274,./Chunk3/SEQUENCE_3_11
97.222782,50.485262,3.521609845825033,-0.097563,-0.033763,-0.143904,-0.27523,0.9755,99.7591664167478,99.75903664650583,99.32985852568876,99.7778121389348,100.0,100.0,99.82593559617058,./Chunk3/SEQUENCE_3_11
76.942928,42.490756,2.699848943603573,-0.118696,-0.415966,-0.276475,-0.811137,0.8439,87.93190811218554,91.88569149667214,83.76768428890544,87.57091304334959,78.75139440957398,69.90807128503724,92.08006962576152,./Chunk3/SEQUENCE_3_11
82.675073,43.718544,2.9364675213858824,-0.114546,-0.245483,-0.250225,-0.610253,0.8809,91.47899831516492,94.00073129572864,87.0886075949367,90.09429495344754,82.71546341848372,74.90074755104523,95.38729329852046,./Chunk3/SEQUENCE_3_11
100.0,,3.5539399467365245,-0.093665,0.005384,-0.139708,-0.22799,1.0,100.0,100.0,100.0,100.0,99.89983787530431,99.931950088415,99.82593559617058,./Chunk3/SEQUENCE_3_11
88.116728,43.982549,2.861917218443895,-0.102051,-0.500531,-0.423569,-1.026151,0.8895,91.77357988475204,82.06153763287828,79.5145631067961,77.66534566876327,75.6626129810711,66.21255948191815,,./Chunk3/SEQUENCE_3_09
89.960147,44.666151,3.0412373707904683,-0.10367,-0.560221,-0.414832,-1.078723,0.9079,92.47738223772964,85.45124689235801,82.16828478964402,81.85256545637758,84.62231031794789,81.09604917387122,,./Chunk3/SEQUENCE_3_09
91.370187,45.244659,3.146530723487776,-0.101054,-0.645032,-0.407053,-1.153138,0.9189,93.67704396705524,88.31682853673672,84.9190938511327,84.8844831285604,89.89477161673382,88.48710929176971,,./Chunk3/SEQUENCE_3_09
93.066809,46.191971,3.231504474410473,-0.102071,-0.765009,-0.399325,-1.266405,0.9337,95.5207921867339,92.21983980796904,87.63754045307445,90.33816319973758,92.63285917770033,90.80094783669831,,./Chunk3/SEQUENCE_3_09
94.152524,46.92836,3.335867024475544,-0.099801,-0.383476,-0.398473,-0.88175,0.9417,97.47846632861584,94.91221820354188,91.747572815534,95.16176911678966,94.17387064183544,92.13715222851388,,./Chunk3/SEQUENCE_3_09
94.842383,47.552356,3.2794246986087336,-0.100624,-0.233525,-0.382875,-0.717023,0.9451,98.8282624660975,97.01065967168192,94.59546925566345,98.13273655794995,96.02431079990994,94.79132096669014,,./Chunk3/SEQUENCE_3_09
83.566735,42.892449,2.590666185878653,-0.103001,-0.759944,-0.475312,-1.338256,0.8235,89.14589288477023,75.75078815104594,71.55339805825243,67.55510586144491,60.86538211332444,39.50441957915534,,./Chunk3/SEQUENCE_3_09
95.51528,48.118119,3.317092115060771,-0.103924,-0.527617,-0.380583,-1.012124,0.9513,99.58152444732494,98.41384541724794,96.40776699029126,99.6889579328962,97.62580510857156,96.9202409622996,,./Chunk3/SEQUENCE_3_09
84.737568,43.153862,2.696103391926262,-0.104497,-0.858875,-0.472047,-1.43542,0.8475,90.2696090320639,77.48352665261402,74.78964401294499,70.62173588729382,63.37072499086423,44.52511315284835,,./Chunk3/SEQUENCE_3_09
86.764662,43.616389,2.775171745680038,-0.097841,-0.750079,-0.43948,-1.2874,0.8718,90.96396942448582,80.08490620311318,77.99352750809062,74.75182492616604,70.27685665701611,56.3434681267312,,./Chunk3/SEQUENCE_3_09
100.0,,3.406790033957212,-0.103058,-0.493703,-0.385771,-0.982532,1.0,100.0,100.0,100.0,100.0,100.0,100.0,,./Chunk3/SEQUENCE_3_09
92.041293,48.231112,3.34579713313292,-0.083076,-0.007689,-0.163326,-0.254091,0.9422,98.2733283993959,96.04132413897992,94.02532548599964,88.34140625522238,87.0509871469219,56.395888259124185,98.45320959010054,./Chunk3/SEQUENCE_3_02
93.59,49.097378,3.4221420775286227,-0.080666,0.157679,-0.15309,-0.076076,0.9555,98.963242341973,97.41867263589464,95.68396647048333,91.92880633416632,90.88440466543356,66.67707768765099,98.53054911059552,./Chunk3/SEQUENCE_3_02
94.354275,49.67056,3.4624193670606536,-0.07987,0.387367,-0.151667,0.15583,0.9584,99.2547849935098,98.13163525976977,97.21776350989832,94.39124723423149,93.34637900772928,76.56533971274285,99.61330239752512,./Chunk3/SEQUENCE_3_02
95.259155,50.482619,3.5237221584689835,-0.078009,0.100662,-0.137031,-0.114379,0.9663,99.55302439325268,98.89469374984463,98.00249687890135,97.3592423339035,96.67714439029945,87.73309365422485,99.76798143851508,./Chunk3/SEQUENCE_3_02
95.74768,51.106019,3.5731719493280902,-0.07804,0.209446,-0.127106,0.004301,0.9689,99.70088692237736,99.3570602867757,98.98341359015517,99.35948135043364,98.65617440746352,94.56027376794994,99.22660479505026,./Chunk3/SEQUENCE_3_02
96.114415,51.639226,3.581693476787589,-0.077688,0.186274,-0.128279,-0.019694,0.9711,99.82539310141196,99.66725614534124,99.42928482254324,99.71037587713442,99.59562043265124,98.33077167422272,98.91724671307036,./Chunk3/SEQUENCE_3_02
87.896957,46.367052,2.895774288327721,-0.086694,0.075749,-0.196485,-0.20743,0.9163,95.97504554463347,93.32859242252565,89.5844480114143,85.04826063301556,81.3521472065662,46.63749002210005,97.52513534416086,./Chunk3/SEQUENCE_3_02
96.33039,52.029438,3.6006206640507954,-0.077192,0.192762,-0.125676,-0.010105,0.974,99.8832834302305,99.82054885825372,99.6968075619761,100.0,99.70412846537084,99.21003557958365,99.53596287703016,./Chunk3/SEQUENCE_3_02
89.260784,46.926732,2.953236581996244,-0.084815,0.019965,-0.195753,-0.260603,0.9232,96.76548102318364,94.12361279713636,90.85072231139648,85.42938276182134,83.16899659746522,50.18423155786746,97.60247486465585,./Chunk3/SEQUENCE_3_02
90.945528,47.67314,3.1502834801580883,-0.083675,0.041467,-0.180028,-0.222236,0.928,97.73817645395869,95.22873231516448,92.402354200107,86.7990974761909,85.24956968655253,53.61203604276126,98.37587006960558,./Chunk3/SEQUENCE_3_02
100.0,,3.6473793238327032,-0.078632,0.167614,-0.124788,-0.035805,1.0,100.0,100.0,100.0,99.8884806912632,100.0,100.0,100.0,./Chunk3/SEQUENCE_3_02
88.758066,47.947463,3.1693486812853475,-0.096562,-0.061312,-0.289736,-0.44761,0.8938,93.82434758148716,94.11664096403204,84.94007295466388,84.36165962263767,78.63417006528691,68.08123037717522,98.86567164179104,./Chunk3/SEQUENCE_3_08
91.507866,48.993066,3.173670687693691,-0.094436,0.102965,-0.268592,-0.260063,0.9199,96.10081990814548,95.98188157761538,88.53569567483063,88.6071251147375,82.52674264565043,74.2699608517596,99.5820895522388,./Chunk3/SEQUENCE_3_08
93.009,49.701132,3.3712025051107126,-0.092442,0.181739,-0.252805,-0.163508,0.9336,97.23496353617092,97.02528776051098,91.2714955706097,91.17955039764554,85.12915190785861,78.75088608183329,99.5223880597015,./Chunk3/SEQUENCE_3_08
94.547763,50.650236,3.532453040240574,-0.091897,0.27933,-0.246797,-0.059364,0.9495,98.46293838484615,98.21016067245937,94.47628973423656,94.62560779991428,90.49976366384168,86.73761929207787,99.10447761194028,./Chunk3/SEQUENCE_3_08
95.427845,51.377531,3.580036418814269,-0.091676,0.303308,-0.229679,-0.018047,0.9576,99.07192755240747,98.92299067344877,96.61281917665453,97.08354849675756,94.81637472263851,92.9452163885321,100.0,./Chunk3/SEQUENCE_3_08
96.01018,52.057216,3.609841589723712,-0.091169,0.150265,-0.23432,-0.175223,0.9619,99.49298788951214,99.42571521163006,98.61907243355915,98.95459002888582,98.57198296123674,97.96763417346766,99.70149253731344,./Chunk3/SEQUENCE_3_08
79.982389,45.594755,2.7367161094981323,-0.101849,-0.402674,-0.357753,-0.862276,0.789,86.74045781429317,88.75157652896772,77.20166753517456,75.38707654955896,71.62747000569854,53.87374128529545,94.56716417910448,./Chunk3/SEQUENCE_3_08
96.521889,52.786773,3.6012824406662216,-0.091174,0.140498,-0.242186,-0.192863,0.9662,99.81008709622338,99.81729039074662,99.76550286607608,100.0,100.0,100.0,99.34328358208955,./Chunk3/SEQUENCE_3_08
82.878653,46.268913,2.929192091239881,-0.100206,-0.14037,-0.33109,-0.571666,0.8252,88.86340013261226,90.48152315421244,79.39030745179781,77.96735162153823,72.88542045601707,57.702879415626896,97.01492537313432,./Chunk3/SEQUENCE_3_08
86.654622,47.273908,3.095064527827642,-0.098826,0.05312,-0.281166,-0.326872,0.8741,92.0130153836234,92.8512240905553,82.54299114121939,81.94423826658465,76.52818604243552,64.22556960450501,98.2089552238806,./Chunk3/SEQUENCE_3_08
100.0,,3.5355633209460287,-0.092574,0.30632,-0.220482,-0.006735,1.0,100.0,100.0,100.0,99.89552173846558,99.8163107307462,99.80186629170396,99.76119402985074,./Chunk3/SEQUENCE_3_08
83.605313,42.586733,2.8488309313493776,-0.096958,-0.643978,-0.339124,-1.08006,0.7931,96.03176586739932,93.83976212106624,88.2154213036566,91.62820419898648,86.64492562357137,80.41217620186355,74.50980392156863,./Chunk1/SEQUENCE_1_06
87.358655,43.529354,3.088230624690068,-0.094198,-0.555346,-0.310448,-0.959992,0.8318,96.43914654374105,95.17439451706365,90.00397456279809,93.02983123339176,90.19472693591295,87.47802465794554,86.27450980392157,./Chunk1/SEQUENCE_1_06
89.561788,44.201799,3.1033202520295653,-0.095919,-0.634554,-0.296152,-1.026626,0.8562,96.95427232843788,96.03598142542126,91.4149443561208,94.0528070938813,92.78780315663823,91.57632201174646,92.15686274509804,./Chunk1/SEQUENCE_1_06
92.50082,45.349645,3.1776876266574003,-0.095173,-0.621873,-0.295247,-1.012293,0.879,98.05669036559648,97.4684702616613,93.81955484896662,95.7174882661557,95.3134986088985,94.66570712134352,86.27450980392157,./Chunk1/SEQUENCE_1_06
94.114422,46.204693,3.341212615926377,-0.093001,-0.543031,-0.276098,-0.912129,0.8934,98.7848187271758,98.33506446660986,95.5683624801272,97.45179250334104,96.754131863876,96.29647854612024,100.0,./Chunk1/SEQUENCE_1_06
95.22824,46.94916,3.3755665212520585,-0.093645,-0.561365,-0.282505,-0.937515,0.9017,99.37897799265978,98.97051882188649,97.09856915739267,98.85593513381932,98.1324905610862,97.76737131282977,78.43137254901961,./Chunk1/SEQUENCE_1_06
73.311687,40.619532,2.3543470755055145,-0.1023,-0.723097,-0.433096,-1.258493,0.7022,93.15641401960228,91.11445890751364,84.57869634340223,87.33829926942273,79.65473530585597,67.3187793180166,43.13725490196079,./Chunk1/SEQUENCE_1_06
96.194753,47.641389,3.4257322933436734,-0.095209,-0.529608,-0.283841,-0.908658,0.9106,99.78382776551004,99.48540058590176,98.2710651828299,99.81058723892076,98.99006122301172,98.7424534334614,94.11764705882354,./Chunk1/SEQUENCE_1_06
76.703285,41.215101,2.486899064793776,-0.098544,-0.714581,-0.398568,-1.211694,0.7283,93.92893442499155,91.97967023377578,85.73131955484897,88.84514131713786,81.59383775826137,70.79013727740177,52.94117647058824,./Chunk1/SEQUENCE_1_06
80.943068,42.010159,2.659662025293536,-0.097735,-0.713643,-0.373307,-1.184685,0.7687,94.9151110546636,93.09776337724404,87.10254372019078,90.4439811209081,84.04786443722739,75.69092616854599,86.27450980392157,./Chunk1/SEQUENCE_1_06
100.0,,3.3933582379183296,-0.095975,-0.426822,-0.283799,-0.806596,1.0,100.0,100.0,100.0,100.0,100.0,100.0,82.3529411764706,./Chunk1/SEQUENCE_1_06
92.054184,45.980116,3.196598028833252,-0.077438,0.297963,-0.104984,0.115542,0.7428,96.83139842456154,97.31421641008512,92.95015125608312,95.46695757845173,87.32690765769857,83.04195278740717,96.27560521415268,./Chunk1/SEQUENCE_1_09
94.642299,47.284292,3.3218051302152136,-0.075913,0.378269,-0.087173,0.215182,0.7796,98.28595730679764,98.35554403961626,95.0414310140734,96.7824466820112,89.92587477931711,86.35284187015142,98.01365611421475,./Chunk1/SEQUENCE_1_09
95.883829,48.137223,3.390099326823344,-0.075225,0.478462,-0.085376,0.31786,0.7929,98.92404780831905,98.86274269562084,96.40931211363936,97.65178166190026,92.14163220014125,89.59078170666834,99.00682805710738,./Chunk1/SEQUENCE_1_09
97.17429,49.264858,3.4424687282074085,-0.072875,0.543706,-0.083541,0.387289,0.8247,99.44105042296198,99.3735879731183,97.92187294489018,98.73757437543502,95.32843606874631,93.93558014838987,98.9447548106766,./Chunk1/SEQUENCE_1_09
97.813995,50.048041,3.4486707719710825,-0.073623,0.536777,-0.070194,0.39296,0.8359,99.63883647102398,99.60533164490124,98.72418782059714,99.41651943801747,97.9883370415785,97.43051715565656,100.0,./Chunk1/SEQUENCE_1_09
98.231728,50.735305,3.4772303838755767,-0.072663,0.577534,-0.060835,0.444037,0.8589,99.75082864804344,99.77901839803924,99.3423648559779,99.9032862761474,99.60757973249255,99.54485029742796,99.81378026070765,./Chunk1/SEQUENCE_1_09
83.803561,43.18513,2.883300761956895,-0.084757,-0.0615,-0.153397,-0.299654,0.6653,91.86427021292648,94.17085875216824,87.886360647113,92.38898552082864,81.0633150228938,75.64813295919006,94.41340782122904,./Chunk1/SEQUENCE_1_09
98.509587,51.328857,3.495649663117205,-0.073951,0.440521,-0.069961,0.296609,0.8689,99.85074749842435,99.8823120777392,99.64487702222806,100.0,100.0,100.0,99.87585350713844,./Chunk1/SEQUENCE_1_09
86.784537,44.030151,2.9215814350120093,-0.081828,0.14181,-0.131706,-0.071723,0.7086,93.56370132368836,95.2575889859971,89.50414310140734,93.19678718440008,82.9238599417416,77.32790296899267,94.723774053383,./Chunk1/SEQUENCE_1_09
90.223475,45.201322,3.156889266117593,-0.078455,0.311333,-0.112495,0.120383,0.7175,95.65020397871147,96.52547545857465,91.55596475075627,94.3740842053188,85.57860216178894,80.85213555342386,96.71011793916824,./Chunk1/SEQUENCE_1_09
100.0,,3.5755300332817,-0.074947,0.601092,-0.072537,0.453608,1.0,100.0,100.0,100.0,99.9935154427838,99.90789433286989,99.89312002966494,99.81378026070765,./Chunk1/SEQUENCE_1_09
87.394158,46.814507,3.151500865264748,-0.091629,0.21942,-0.16575,-0.03796,0.8759,93.88295457787711,95.44151327169344,88.64114429953725,87.81808909997632,81.20309935071657,73.36924276249921,97.46524938675388,./Chunk1/SEQUENCE_1_02
90.94792,48.120884,3.241811164240392,-0.090579,0.23701,-0.161354,-0.014923,0.9075,96.28613714581977,96.96899317847956,91.60706773243588,91.138562523504,84.71166582394189,78.45810008405552,97.71054783319704,./Chunk1/SEQUENCE_1_02
92.819753,48.97269,3.26753851508974,-0.08943,0.342008,-0.131101,0.121478,0.9234,97.47892553148895,97.78942022068352,93.458140513252,93.37386779893156,87.34683100302341,82.82479340778251,100.0,./Chunk1/SEQUENCE_1_02
94.650966,50.081327,3.417245797773713,-0.086307,0.327793,-0.13414,0.107346,0.9446,98.58144978603232,98.70032087932172,95.9612957509466,96.09680471313732,92.21918751949742,89.85896264008912,97.87408013082585,./Chunk1/SEQUENCE_1_02
95.658928,50.886461,3.4205486672082284,-0.085139,0.377926,-0.122526,0.170261,0.9528,99.14050020288173,99.19143625388472,97.60201935212451,97.89504368203298,95.62418094021278,94.40931466848993,98.52820932134097,./Chunk1/SEQUENCE_1_02
96.287197,51.565838,3.4428446045372594,-0.083995,0.366726,-0.119651,0.16308,0.961,99.49248249846428,99.5413870694548,98.54859066049644,99.1755546758516,98.3532521301837,97.86620987520192,98.36467702371218,./Chunk1/SEQUENCE_1_02
75.67644,43.94515,2.682497099294405,-0.101039,-0.175802,-0.233047,-0.509889,0.7435,86.29570590101507,90.61043410043598,82.07824989482542,80.60556718080774,73.79915070767099,61.28183156604376,81.52085036794766,./Chunk1/SEQUENCE_1_02
96.792529,52.239874,3.474858909906664,-0.0841,0.364355,-0.129327,0.150928,0.9643,99.7569451271087,99.793719294965,99.43205721497688,99.8293108673804,99.77082242230932,99.646814372376,98.36467702371218,./Chunk1/SEQUENCE_1_02
79.701316,44.775776,2.8746251318069693,-0.099049,-0.212871,-0.20727,-0.51919,0.7906,88.66335274258915,92.25608822088974,83.84518300378629,82.57834995481814,75.51576263911241,64.2496418723331,83.56500408830743,./Chunk1/SEQUENCE_1_02
84.529571,45.978638,2.951041708383982,-0.092987,0.152213,-0.174987,-0.115761,0.8436,91.90223150068442,94.27891198969978,86.87421119057636,85.74875892311535,79.06432084257735,69.75997481874425,91.0874897792314,./Chunk1/SEQUENCE_1_02
100.0,,3.562932281188194,-0.0827,0.34846,-0.113803,0.151957,1.0,100.0,100.0,100.0,100.0,100.0,100.0,99.18233851185607,./Chunk1/SEQUENCE_1_02
83.962555,42.608325,2.7695884603434866,-0.100825,-0.631202,-0.354442,-1.08647,0.8341,95.07576354987788,93.74751284169368,89.13436433018677,90.28371361897464,83.16597599625648,77.18520746939426,27.27272727272727,./Chunk1/SEQUENCE_1_07
87.738519,43.576155,3.0355672569964582,-0.098413,-0.4808,-0.349848,-0.929061,0.8741,96.20634987199136,95.0338190544333,91.0624623418357,92.0988295549071,89.03215510787686,86.66386098991849,33.33333333333333,./Chunk1/SEQUENCE_1_07
89.901508,44.265517,3.1193985975214176,-0.098625,-0.371954,-0.341911,-0.81249,0.8926,96.57700703018304,95.9279345121737,92.28760795340428,93.33968425703826,92.12353576834808,90.74214683877308,48.48484848484848,./Chunk1/SEQUENCE_1_07
92.68349,45.377699,3.210279678096173,-0.095236,-0.676666,-0.309602,-1.081505,0.9111,97.68589164901294,97.37551327061458,94.43663386222131,95.2765638746295,94.36540831391528,92.82858888594632,51.51515151515152,./Chunk1/SEQUENCE_1_07
94.166174,46.236096,3.3462313745268606,-0.09667,-0.557582,-0.309043,-0.963295,0.923,98.48576237603568,98.25356899390908,96.24422574814218,96.8318810285491,95.9773044322975,94.91028368538976,84.84848484848484,./Chunk1/SEQUENCE_1_07
95.264894,46.950299,3.337221032798832,-0.096954,-0.346663,-0.294747,-0.738364,0.9314,99.20799099213488,98.96532555860576,97.58987748543883,98.3880324960052,97.49081253840704,96.87135038662066,81.81818181818181,./Chunk1/SEQUENCE_1_07
74.197102,40.710747,2.4480204538864774,-0.106551,-0.707681,-0.449907,-1.264139,0.7521,92.65001707530313,90.86506847531308,84.85639686684073,86.02977015076921,73.15548127494739,59.49938939192825,21.21212121212121,./Chunk1/SEQUENCE_1_07
96.079918,47.591953,3.3332711980742262,-0.09788,-0.262359,-0.304531,-0.66477,0.9351,99.658594279887,99.4522807098575,98.59409519983932,99.49565977191804,98.26292941237254,97.74583075635124,100.0,./Chunk1/SEQUENCE_1_07
77.30593,41.254135,2.5290629490425145,-0.104612,-0.555477,-0.406223,-1.066311,0.7781,93.4942709979628,91.78515710399223,86.40289214701747,87.6666656525839,75.63359498070898,64.20548541808185,42.42424242424242,./Chunk1/SEQUENCE_1_07
81.314201,42.047666,2.68793759229784,-0.102947,-0.632086,-0.381733,-1.116766,0.8106,94.67911905432108,92.9794646946637,87.98955613577024,89.17413653849859,79.97507137253292,71.93893865942525,12.12121212121212,./Chunk1/SEQUENCE_1_07
100.0,,3.449976741078417,-0.098431,-0.445435,-0.302801,-0.846667,1.0,100.0,100.0,100.0,100.0,100.0,100.0,100.0,./Chunk1/SEQUENCE_1_07
84.672603,46.309683,3.1593047900407374,-0.102361,-0.264862,-0.166829,-0.534051,0.8539,92.66217555503935,94.7331088428083,86.00137017583924,83.86901657760328,81.40298038196549,76.39204024374504,82.29942100909842,./Chunk1/SEQUENCE_1_08
89.047013,47.681251,3.254697573079236,-0.099354,-0.210574,-0.148646,-0.458575,0.9026,95.3453370281817,96.41641976522756,89.26695592601051,87.6366037954163,84.343896949872,80.60926068082853,91.232423490488,./Chunk1/SEQUENCE_1_08
91.291054,48.560482,3.3392701129901914,-0.098239,0.082534,-0.146292,-0.161997,0.9205,96.77131085127212,97.36411416771044,91.367892212834,90.21009124754366,86.80629798908234,84.04023695169258,90.90157154673282,./Chunk1/SEQUENCE_1_08
93.759725,49.786646,3.437020859368886,-0.096897,0.106142,-0.12388,-0.114636,0.945,98.27478395042394,98.44108829539778,94.35944279515871,93.7645906429454,91.23003840770173,89.86198764065044,94.78908188585606,./Chunk1/SEQUENCE_1_08
95.051863,50.624278,3.4410841907319645,-0.094447,0.163873,-0.123606,-0.05418,0.9553,98.98497553433438,99.0468086471057,96.62023292989268,96.10710889954714,95.35331198992036,94.73872815092083,97.6840363937138,./Chunk1/SEQUENCE_1_08
95.899325,51.363307,3.4926675005610504,-0.094741,0.037945,-0.098784,-0.155581,0.9619,99.42267341627324,99.47146577552031,98.2187714089975,97.98429696693265,98.72448067036648,98.57914467322904,97.27047146401983,./Chunk1/SEQUENCE_1_08
70.9652,43.349341,2.6378716006381526,-0.112009,-0.644083,-0.276408,-1.032501,0.6999,84.60469995522598,89.39618131287106,78.28271294816169,74.85375132585158,74.632431352735,64.04562633460822,69.31348221670801,./Chunk1/SEQUENCE_1_08
96.526922,52.066045,3.5077515552473484,-0.093901,0.107878,-0.11089,-0.096914,0.968,99.73039018720355,99.77524404827754,99.31491208038366,99.22864905379632,100.0,100.0,99.42100909842844,./Chunk1/SEQUENCE_1_08
75.651424,44.221862,2.781994679439816,-0.108489,-0.459051,-0.229677,-0.797217,0.7523,87.29962989297854,91.24543788076392,80.4521580269468,77.58773329631352,76.5210082181228,68.02958046597783,75.35153019023987,./Chunk1/SEQUENCE_1_08
81.424566,45.465584,2.999072505334425,-0.104553,-0.206226,-0.195632,-0.506411,0.82,90.6768954651015,93.45310931499124,83.69490751313086,81.22406201164456,79.45790283468291,73.23135398055747,82.13399503722084,./Chunk1/SEQUENCE_1_08
100.0,,3.5585375340594894,-0.095064,0.049754,-0.100189,-0.1455,1.0,100.0,100.0,100.0,100.0,99.84851939015616,99.95386190045949,100.0,./Chunk1/SEQUENCE_1_08
84.162284,44.75344,3.110716190050881,-0.103303,-0.198306,-0.227617,-0.529225,0.8073,93.05352136141846,96.63055168496876,87.73240977032447,86.87810112841046,83.35365245286121,76.82307898000558,79.50089126559715,./Chunk1/SEQUENCE_1_03
89.319922,46.322684,3.185063825958357,-0.097414,-0.066166,-0.202748,-0.366327,0.855,95.72711817376182,97.75396082520956,90.57601166605906,90.09919909849124,86.3828747895786,81.9637723349265,86.72014260249553,./Chunk1/SEQUENCE_1_03
91.834927,47.311633,3.3116977893874644,-0.098405,-0.092317,-0.180373,-0.371095,0.8807,97.103274410675,98.3562479271854,92.70871308786002,92.33996443629664,88.8711354894428,85.71625507975827,90.55258467023172,./Chunk1/SEQUENCE_1_03
94.471498,48.658438,3.428290421821389,-0.094805,0.050877,-0.161312,-0.20524,0.9154,98.37722886632156,98.98635699515567,95.1148377688662,95.08456799811282,92.62863742703595,91.00587646086588,95.00891265597149,./Chunk1/SEQUENCE_1_03
95.777332,49.560499,3.4601302261461138,-0.094186,0.115599,-0.154332,-0.132919,0.9348,99.0156988289245,99.36139989066427,97.0470288005833,96.93023590672156,96.24717542421516,95.50378149596771,95.63279857397504,./Chunk1/SEQUENCE_1_03
96.667327,50.357462,3.5109263398035035,-0.09453,0.099735,-0.141639,-0.136434,0.947,99.4563652965957,99.63834962903064,98.4688297484506,98.3871598798987,98.89896818675604,98.72358929008776,96.79144385026738,./Chunk1/SEQUENCE_1_03
68.633071,41.628942,2.551543968766804,-0.115294,-0.612954,-0.325373,-1.053622,0.6892,85.17729707423554,92.9351796033726,80.55049216186656,78.8572073865842,77.70579394225771,65.52119431819904,67.29055258467022,./Chunk1/SEQUENCE_1_03
97.296158,51.105513,3.5225116614949803,-0.095463,0.177398,-0.15545,-0.073515,0.9558,99.75272355584367,99.82749431646344,99.4166970470288,99.37682448151834,100.0,100.0,98.66310160427804,./Chunk1/SEQUENCE_1_03
73.93386,42.546863,2.642298217651474,-0.111384,-0.570717,-0.296136,-0.978238,0.7233,87.658230968504,94.22730663427548,82.62850893182647,81.16519110225362,78.82207108153216,68.60405090097423,70.05347593582887,./Chunk1/SEQUENCE_1_03
80.304276,43.848379,2.761710789429584,-0.10589,-0.241539,-0.259311,-0.60674,0.7754,90.96477546736472,95.8012147428732,85.70907765220561,84.64165369898909,81.16285919305132,72.99477566448103,75.75757575757575,./Chunk1/SEQUENCE_1_03
100.0,,3.603582128046389,-0.096871,0.142321,-0.147946,-0.102495,1.0,100.0,100.0,100.0,100.0,99.92447577230348,99.98721658334226,100.0,./Chunk1/SEQUENCE_1_03
83.18209,43.01864,2.782699268035977,-0.103147,-0.704061,-0.445845,-1.253052,0.8442,94.40897626357749,89.00937806293022,85.07362784471219,85.34771457726114,81.07656133391167,69.658037947889,,./Chunk1/SEQUENCE_1_12
86.806898,43.891381,3.00635243987219,-0.100376,-0.662878,-0.411883,-1.175137,0.8691,95.26509441787692,91.16208286792224,87.70638107987506,88.06244196422855,87.6673735774437,82.90158950082747,,./Chunk1/SEQUENCE_1_12
89.098404,44.5536,3.1038182441838904,-0.098389,-0.329606,-0.407585,-0.835579,0.8859,96.01005315023608,92.81520936725416,89.4912985274431,90.05208372428599,91.3319639795672,89.03892545125659,,./Chunk1/SEQUENCE_1_12
92.045814,45.632006,3.202790774903111,-0.098862,-0.596443,-0.403272,-1.098577,0.9006,97.31662786086706,95.30523122178704,92.235609103079,93.17834903104824,93.9202369853584,91.72443520763576,,./Chunk1/SEQUENCE_1_12
93.709776,46.481102,3.251504168294396,-0.102374,-0.574787,-0.392558,-1.069719,0.9202,98.32176227710072,96.82428775615172,94.64524765729584,95.99326884399146,94.89503442187936,92.49937266674364,,./Chunk1/SEQUENCE_1_12
94.884361,47.235458,3.29970409280823,-0.099871,-0.287382,-0.39697,-0.784223,0.9294,99.26933652557544,98.08376613625764,96.63096831771531,98.48287925424556,96.86713634814772,95.31247354039178,,./Chunk1/SEQUENCE_1_12
74.554694,41.43918,2.484444192997956,-0.10669,-0.752867,-0.512887,-1.372444,0.772,91.66028264204952,85.204888299165,79.91967871485943,79.63523951912052,67.3512037938392,44.65836893353346,,./Chunk1/SEQUENCE_1_12
95.858516,47.947089,3.3485482761636094,-0.101226,-0.598537,-0.388875,-1.088638,0.9291,99.8265331129116,98.98237213338749,97.99196787148595,99.79090564283214,97.95721334856924,96.90653119347266,,./Chunk1/SEQUENCE_1_12
77.177141,41.869569,2.610822594469896,-0.105384,-0.785563,-0.487036,-1.377983,0.7899,92.48463378158046,86.21932599539124,81.81615350290048,81.03862339922827,69.94062025703397,49.73005426625101,,./Chunk1/SEQUENCE_1_12
80.623623,42.518766,2.714319392621773,-0.103059,-0.712586,-0.460033,-1.275677,0.8179,93.48290091374103,87.76863660714912,83.53413654618474,83.62561689568949,75.24773004647773,59.64401339337259,,./Chunk1/SEQUENCE_1_12
100.0,,3.420703600659772,-0.099794,-0.585809,-0.376152,-1.061755,1.0,100.0,100.0,100.0,100.0,100.0,100.0,,./Chunk1/SEQUENCE_1_12
86.792937,47.000168,3.1090643713599984,-0.092546,-0.37906,-0.160236,-0.631842,0.867,93.22107395605111,98.05849539001866,86.92561563848692,90.63308600775068,82.93152707532782,80.05006641847375,72.41379310344827,./Chunk1/SEQUENCE_1_01
90.710134,48.356679,3.2776688719829954,-0.089349,-0.328728,-0.15228,-0.570357,0.9091,95.69696055075956,98.66257033143624,89.79436405178978,93.4454985569641,85.75945072098796,83.6238540964493,80.38793103448275,./Chunk1/SEQUENCE_1_01
92.887606,49.294677,3.3934172692451727,-0.084606,-0.06307,-0.140727,-0.288403,0.9309,97.0474396763382,99.01861616594468,92.2061436912922,95.15415695281412,88.26739617387209,86.81061221563455,85.77586206896551,./Chunk1/SEQUENCE_1_01
94.95542,50.503349,3.4640941053941514,-0.084394,-0.154944,-0.133226,-0.372563,0.9488,98.28205566828818,99.40346599300096,94.74485910129476,96.9744342447476,92.16409936050238,91.47875674243396,91.59482758620688,./Chunk1/SEQUENCE_1_01
96.00947,51.344025,3.53761212847624,-0.081488,-0.05198,-0.115815,-0.249283,0.9599,98.95125691776887,99.63083271660024,96.44579842599644,98.32602042574996,95.62960904128116,95.31438286471062,93.75,./Chunk1/SEQUENCE_1_01
96.707176,52.11657,3.583773918844825,-0.080497,-0.186056,-0.129092,-0.395645,0.9646,99.46077393840912,99.78478637275924,98.62909367859862,99.3119454011771,98.66350467016385,98.57133223751416,95.47413793103448,./Chunk1/SEQUENCE_1_01
74.697022,44.174385,2.694790524536157,-0.104866,-0.579177,-0.224781,-0.908824,0.7032,86.20553539505336,96.178825993338,80.35034272658035,83.82754768978941,77.07146644788078,71.62699064275385,59.05172413793104,./Chunk1/SEQUENCE_1_01
97.208077,52.877429,3.6232744956362266,-0.081084,0.039616,-0.128741,-0.17021,0.9686,99.77985662521203,99.8976151379469,99.44148260979944,99.87570890034996,99.99590923392952,100.0,97.41379310344828,./Chunk1/SEQUENCE_1_01
78.772012,45.002768,2.864984809147628,-0.10121,-0.42591,-0.208471,-0.735591,0.7508,88.46493171944041,96.84602708576438,82.22899212998223,86.21253806527692,78.54511713545445,74.05149681594926,60.1293103448276,./Chunk1/SEQUENCE_1_01
83.856869,46.184916,2.992504510975801,-0.093735,-0.368046,-0.163809,-0.62559,0.8268,91.3909311887407,97.6245746715938,84.97080477278497,89.02728659206794,80.9312762769594,77.45584782135123,69.61206896551724,./Chunk1/SEQUENCE_1_01
100.0,,3.664607209866937,-0.07891,-0.097454,-0.124658,-0.301022,1.0,100.0,100.0,100.0,100.0,100.0,99.9697676243344,100.0,./Chunk1/SEQUENCE_1_01
94.056933,48.341794,3.381529596508053,-0.067662,0.141577,-0.132659,-0.058744,0.9756,99.10330131253669,91.65438180154035,97.69424762819745,81.11560998307748,92.07122735752992,62.56684012648458,99.11949685534591,./Chunk1/SEQUENCE_1_04
94.977682,49.132809,3.461885665764373,-0.065756,0.370108,-0.12436,0.179991,0.9805,99.53440206231149,94.4131861670224,98.45082262519516,87.32701424761022,94.218772272331,71.62667131439385,99.0566037735849,./Chunk1/SEQUENCE_1_04
95.486328,49.660779,3.5155519926658965,-0.064474,0.56342,-0.117627,0.381319,0.9822,99.72912562451287,95.89247027298852,98.78707817941635,91.41000368846586,95.6515057966141,79.39272464706322,99.11949685534591,./Chunk1/SEQUENCE_1_04
95.927726,50.374946,3.562644743878612,-0.064007,0.404834,-0.110951,0.229877,0.9838,99.84659103309232,97.68799290507344,99.3995436531764,96.04105821148616,97.9483270107805,89.74533774867415,99.0566037735849,./Chunk1/SEQUENCE_1_04
96.217102,50.915986,3.596594966108241,-0.064225,0.194116,-0.111264,0.018628,0.9862,99.90408231175908,98.71699058677784,99.73579920739762,97.92446590979672,99.24536912709394,95.1098772502054,99.43396226415094,./Chunk1/SEQUENCE_1_04
96.341553,51.248852,3.609764056683628,-0.064196,0.213076,-0.110725,0.038155,0.9862,99.9304530730258,99.17801703511884,99.85589047676233,98.80546448125357,99.8798327758934,98.45663919527924,99.24528301886792,./Chunk1/SEQUENCE_1_04
91.173495,46.548958,2.99530032272327,-0.07602,0.091322,-0.164118,-0.148816,0.9577,97.49301649446517,85.88428254174144,94.98018494055482,69.15262788445492,88.119658086003,51.80290316958395,98.36477987421384,./Chunk1/SEQUENCE_1_04
96.483853,51.603868,3.619985772038437,-0.064049,0.309727,-0.109738,0.13594,0.987,99.95072991946016,99.56348973425892,99.93995436531765,99.24603316427,99.9094635897347,99.38470731768044,99.68553459119497,./Chunk1/SEQUENCE_1_04
92.066382,47.071531,3.078131521943788,-0.072784,0.00987,-0.158152,-0.221066,0.9605,98.02586257541722,87.41033410589168,95.42452263720426,71.77709452292315,89.35961412608198,54.58143067001967,98.55345911949684,./Chunk1/SEQUENCE_1_04
93.310373,47.792968,3.3123546345537536,-0.069144,0.343939,-0.150306,0.124488,0.97,98.74539881353674,89.82822903422401,96.03698811096432,76.75104104606696,91.182076527434,59.31588775738864,99.0566037735849,./Chunk1/SEQUENCE_1_04
100.0,,3.621031720596712,-0.064009,0.255817,-0.11092,0.080888,1.0,100.0,100.0,100.0,100.0,100.0,100.0,100.0,./Chunk1/SEQUENCE_1_04
79.374297,42.502272,2.685175065109043,-0.09851,-0.624373,-0.49777,-1.220654,0.8022,93.11454864345752,92.41280693728274,87.61177753544168,90.61987792706624,88.509689802489,85.38544277815109,,./Chunk1/SEQUENCE_1_05
84.602877,43.537915,3.0119808411091533,-0.096483,-0.608598,-0.481034,-1.186115,0.8426,94.85158376273915,94.069603885816,89.98909487459107,92.6942069725411,92.59236211419288,91.4579009290624,,./Chunk1/SEQUENCE_1_05
87.554747,44.296841,3.0767940556342985,-0.097302,-0.6882,-0.459742,-1.245244,0.8623,95.72782753299096,95.1390888581442,91.45038167938932,93.72521364619332,94.99000336225606,94.42457073006275,,./Chunk1/SEQUENCE_1_05
91.150414,45.474835,3.1994869875480614,-0.097143,-0.672667,-0.433742,-1.203552,0.8871,96.87510932802044,96.83851101040298,93.76226826608509,95.49173589527774,96.60923139140186,96.19442195623704,,./Chunk1/SEQUENCE_1_05
93.126454,46.352756,3.374909191077616,-0.0956,-0.532847,-0.432997,-1.061445,0.9004,98.03853768312888,97.88392914737764,95.57251908396944,97.1014947250694,97.11527835796508,96.45449520790952,,./Chunk1/SEQUENCE_1_05
94.465919,47.117266,3.371680578124839,-0.096342,-0.603149,-0.430452,-1.129944,0.9119,98.98664178515568,98.68027702597512,97.2082878953108,98.55212978537804,98.48411627919737,98.1874912563556,,./Chunk1/SEQUENCE_1_05
65.343538,40.267651,2.179806176885931,-0.102751,-0.738791,-0.613958,-1.4555,0.697,89.2081138222982,88.5648430997433,83.773173391494,86.81247127189707,83.04623533127626,75.15454176423236,,./Chunk1/SEQUENCE_1_05
95.499939,47.791986,3.3598195365557944,-0.096499,-0.562173,-0.419038,-1.077711,0.919,99.5827518343452,99.25334849710563,98.38604143947656,99.48103703698769,99.28687254541592,99.1277455043334,,./Chunk1/SEQUENCE_1_05
70.064356,41.002933,2.3659812248611143,-0.101265,-0.735331,-0.560868,-1.397464,0.7352,90.81242062463576,89.863986662477,84.79825517993457,88.05898362844928,84.3666536304136,77.90056211599634,,./Chunk1/SEQUENCE_1_05
75.770687,41.887382,2.562949112193113,-0.099325,-0.729737,-0.523588,-1.352649,0.777,92.19034585184204,91.35339455728436,86.41221374045801,89.51265478436558,86.07268899758529,81.28451876128074,,./Chunk1/SEQUENCE_1_05
100.0,,3.385110488806931,-0.094879,-0.556598,-0.44017,-1.091647,1.0,100.0,100.0,100.0,100.0,100.0,100.0,,./Chunk1/SEQUENCE_1_05
86.199234,45.611362,3.064495186686297,-0.096965,0.090103,-0.128105,-0.134966,0.8309,94.10361394796148,96.03417283723782,88.76608081174126,88.59942490968744,87.09602140981019,81.76556091043986,95.92711682743835,./Chunk1/SEQUENCE_1_10
90.385741,47.044589,3.188848773198288,-0.091831,0.054832,-0.094244,-0.131242,0.8812,96.36530049627711,97.36863477511356,91.6470375067947,91.71812226214912,89.43116601145529,85.67193931730627,98.4994640943194,./Chunk1/SEQUENCE_1_10
92.516097,47.977914,3.2358340424280287,-0.091723,0.24103,-0.098891,0.050416,0.9079,97.54213741232476,98.08783908988808,93.24152926254756,93.69292180942352,91.3844127038568,88.74032702235209,96.57020364415862,./Chunk1/SEQUENCE_1_10
94.753493,49.207883,3.392478387252321,-0.087725,0.253409,-0.07909,0.086594,0.9342,98.64163288081296,98.8571257489784,95.6876245696684,96.16674041148416,94.34467212504283,92.93843144572864,98.07073954983925,./Chunk1/SEQUENCE_1_10
95.884653,50.049507,3.431534911869061,-0.087335,0.266819,-0.073084,0.106401,0.9477,99.200919862008,99.30720661515296,97.30023554991848,97.79089468166688,97.39140187991497,96.89267969265876,97.85637727759914,./Chunk1/SEQUENCE_1_10
96.662663,50.803376,3.4103562970744274,-0.087383,0.194405,-0.071707,0.035315,0.9543,99.5749267740979,99.60750361732887,98.56858126472189,98.99450074361012,99.14667835900389,98.91477768429266,98.39228295819936,./Chunk1/SEQUENCE_1_10
72.098327,42.477521,2.567035892661228,-0.104343,-0.399054,-0.187154,-0.69055,0.7154,86.61977594332366,91.59048389132889,82.17068309476355,81.66315355102168,81.33984967249616,72.65790190863726,79.95712754555197,./Chunk1/SEQUENCE_1_10
97.23164,51.513197,3.4836982874400686,-0.085552,0.308673,-0.063131,0.15999,0.9606,99.82697547438713,99.8275625930284,99.5470193875702,99.74511405798847,100.0,100.0,100.0,./Chunk1/SEQUENCE_1_10
76.740538,43.364833,2.69377388305109,-0.102673,-0.362156,-0.180072,-0.644901,0.7546,89.05124873078398,93.08213166237402,84.14567856495742,83.5781542010097,83.30573844990215,75.87279510576914,89.2818863879957,./Chunk1/SEQUENCE_1_10
82.633066,44.677597,2.842686440162143,-0.099675,-0.013752,-0.146569,-0.259996,0.8013,92.12523999412954,94.92461223725628,87.06287370900525,86.40574756373758,85.35201204575543,78.7555337515935,91.42550911039656,./Chunk1/SEQUENCE_1_10
100.0,,3.559421541528901,-0.082075,0.256678,-0.061473,0.11313,1.0,100.0,100.0,100.0,100.0,99.83229185723688,99.79824089844938,99.78563772775992,./Chunk1/SEQUENCE_1_10
84.914852,42.941649,2.903585219820929,-0.100134,-0.15306,-0.16731,-0.420505,0.8097,93.79082558348163,96.46303050881588,90.90381714816104,92.52868202152968,87.51116903576353,84.63061080045506,94.71810089020772,./Chunk1/SEQUENCE_1_11
90.15648,44.63558,3.1520958362974616,-0.097077,0.0386,-0.133283,-0.191761,0.8674,96.43716107205992,97.73492016349968,93.66515837104072,95.12986964843672,91.09379203448655,89.24112221567559,96.43916913946587,./Chunk1/SEQUENCE_1_11
92.86088,45.76666,3.327589732622351,-0.096451,0.037551,-0.140773,-0.199673,0.8908,97.63468909211748,98.3806065537178,95.1734539969834,96.26374451476433,93.32716020340982,92.0886388817864,97.1513353115727,./Chunk1/SEQUENCE_1_11
95.518335,47.263466,3.392807242983595,-0.093994,0.254844,-0.120428,0.040422,0.9249,98.7349660447222,99.04429446101489,97.00661329620608,97.77202340744668,96.59182533942273,96.1170685432022,97.3293768545994,./Chunk1/SEQUENCE_1_11
96.847378,48.215136,3.405986643625784,-0.095361,0.136122,-0.114307,-0.073546,0.9398,99.23661849819636,99.40568820609094,98.15523842673166,98.64135398256452,98.00751941047912,97.79486324339749,99.8813056379822,./Chunk1/SEQUENCE_1_11
97.686078,49.001335,3.417020443341064,-0.096059,0.21496,-0.114257,0.004644,0.9513,99.57781221194344,99.64599725977038,98.909386239703,99.23887447338166,99.06037429856832,98.87621313352528,100.0,./Chunk1/SEQUENCE_1_11
68.431322,39.605839,2.3286601070496777,-0.113235,-0.559971,-0.261871,-0.935077,0.6289,85.2225167948552,92.21617167745876,82.87504350852767,86.3736116639839,78.14695783761168,72.83071529947121,83.20474777448071,./Chunk1/SEQUENCE_1_11
98.248453,49.64835,3.488196972418573,-0.096657,0.136243,-0.119257,-0.079671,0.9572,99.8012889509461,99.82226292849428,99.3618749274858,99.68682274956213,99.67314794411963,99.58876302068856,100.0,./Chunk1/SEQUENCE_1_11
73.727663,40.524223,2.460319604944683,-0.106588,-0.365095,-0.22058,-0.692263,0.6892,87.84065112670729,93.58240955262428,85.35793015431025,88.06873197621618,80.78955432362285,76.42660796934695,85.6379821958457,./Chunk1/SEQUENCE_1_11
80.825605,41.934282,2.718658997655268,-0.10287,-0.209525,-0.18936,-0.501755,0.7615,91.56602280763028,95.41363377687358,88.88502146420699,90.98812831417558,84.61005881714674,81.31840701996227,90.08902077151336,./Chunk1/SEQUENCE_1_11
100.0,,3.5371613797691044,-0.094163,0.175002,-0.105433,-0.024593,1.0,100.0,100.0,100.0,100.0,100.0,100.0,99.52522255192878,./Chunk1/SEQUENCE_1_11
